fqn,name,package,file,line,kind,status,reason
ichiran/characters:*abnormal-chars*,*abnormal-chars*,ichiran/characters,characters.lisp,109,global,ported,
ichiran/characters:*all-characters*,*all-characters*,ichiran/characters,characters.lisp,32,global,ported,
ichiran/characters:*basic-split-regex*,*basic-split-regex*,ichiran/characters,characters.lisp,131,global,ported,
ichiran/characters:*char-class-hash*,*char-class-hash*,ichiran/characters,characters.lisp,37,global,ported,
ichiran/characters:*char-class-regex-mapping*,*char-class-regex-mapping*,ichiran/characters,characters.lisp,136,global,ported,
ichiran/characters:*char-scanners*,*char-scanners*,ichiran/characters,characters.lisp,151,global,ported,
ichiran/characters:*char-scanners-inner*,*char-scanners-inner*,ichiran/characters,characters.lisp,155,global,ported,
ichiran/characters:*dakuten-hash*,*dakuten-hash*,ichiran/characters,characters.lisp,0,global,ported,
ichiran/characters:*dakuten-join*,*dakuten-join*,ichiran/characters,characters.lisp,103,global,ported,
ichiran/characters:*decimal-point-regex*,*decimal-point-regex*,ichiran/characters,characters.lisp,129,global,ported,
ichiran/characters:*digit-regex*,*digit-regex*,ichiran/characters,characters.lisp,128,global,ported,
ichiran/characters:*full-width-kana*,*full-width-kana*,ichiran/characters,characters.lisp,107,global,ported,
ichiran/characters:*half-width-kana*,*half-width-kana*,ichiran/characters,characters.lisp,106,global,ported,
ichiran/characters:*handakuten-hash*,*handakuten-hash*,ichiran/characters,characters.lisp,0,global,ported,
ichiran/characters:*hiragana-regex*,*hiragana-regex*,ichiran/characters,characters.lisp,120,global,ported,
ichiran/characters:*iteration-characters*,*iteration-characters*,ichiran/characters,characters.lisp,5,global,ported,
ichiran/characters:*kana-characters*,*kana-characters*,ichiran/characters,characters.lisp,11,global,ported,
ichiran/characters:*kanji-char-regex*,*kanji-char-regex*,ichiran/characters,characters.lisp,122,global,ported,
ichiran/characters:*kanji-regex*,*kanji-regex*,ichiran/characters,characters.lisp,121,global,ported,
ichiran/characters:*katakana-regex*,*katakana-regex*,ichiran/characters,characters.lisp,118,global,ported,
ichiran/characters:*katakana-uniq-regex*,*katakana-uniq-regex*,ichiran/characters,characters.lisp,119,global,ported,
ichiran/characters:*modifier-characters*,*modifier-characters*,ichiran/characters,characters.lisp,7,global,ported,
ichiran/characters:*nonword-regex*,*nonword-regex*,ichiran/characters,characters.lisp,124,global,ported,
ichiran/characters:*normal-chars*,*normal-chars*,ichiran/characters,characters.lisp,114,global,ported,
ichiran/characters:*num-word-regex*,*num-word-regex*,ichiran/characters,characters.lisp,126,global,ported,
ichiran/characters:*numeric-regex*,*numeric-regex*,ichiran/characters,characters.lisp,125,global,ported,
ichiran/characters:*punctuation-marks*,*punctuation-marks*,ichiran/characters,characters.lisp,85,global,ported,
ichiran/characters:*sokuon-characters*,*sokuon-characters*,ichiran/characters,characters.lisp,3,global,ported,
ichiran/characters:*undakuten-hash*,*undakuten-hash*,ichiran/characters,characters.lisp,0,global,ported,
ichiran/characters:*word-regex*,*word-regex*,ichiran/characters,characters.lisp,127,global,ported,
ichiran/characters:as-hiragana,as-hiragana,ichiran/characters,characters.lisp,282,fn,ported,
ichiran/characters:as-katakana,as-katakana,ichiran/characters,characters.lisp,292,fn,ported,
ichiran/characters:basic-split,basic-split,ichiran/characters,characters.lisp,267,fn,ported,
ichiran/characters:char-class,char-class,ichiran/characters,characters.lisp,147,type,ported,
ichiran/characters:collect-char-class,collect-char-class,ichiran/characters,characters.lisp,201,fn,ported,
ichiran/characters:consecutive-char-groups,consecutive-char-groups,ichiran/characters,characters.lisp,300,fn,ported,
ichiran/characters:count-char-class,count-char-class,ichiran/characters,characters.lisp,194,fn,ported,
ichiran/characters:dakuten-join,dakuten-join,ichiran/characters,characters.lisp,100,fn,ported,
ichiran/characters:destem,destem,ichiran/characters,characters.lisp,340,fn,ported,
ichiran/characters:geminate,geminate,ichiran/characters,characters.lisp,336,fn,ported,
ichiran/characters:get-char-class,get-char-class,ichiran/characters,characters.lisp,52,fn,ported,
ichiran/characters:hash-from-list,hash-from-list,ichiran/characters,characters.lisp,64,macro,ported,
ichiran/characters:join,join,ichiran/characters,characters.lisp,371,fn,ported,
ichiran/characters:kanji-cross-match,kanji-cross-match,ichiran/characters,characters.lisp,222,fn,ported,
ichiran/characters:kanji-mask,kanji-mask,ichiran/characters,characters.lisp,212,fn,ported,
ichiran/characters:kanji-match,kanji-match,ichiran/characters,characters.lisp,220,fn,ported,
ichiran/characters:kanji-prefix,kanji-prefix,ichiran/characters,characters.lisp,306,fn,ported,
ichiran/characters:kanji-regex,kanji-regex,ichiran/characters,characters.lisp,215,fn,ported,
ichiran/characters:long-vowel-modifier-p,long-vowel-modifier-p,ichiran/characters,characters.lisp,54,fn,ported,
ichiran/characters:match-diff,match-diff,ichiran/characters,characters.lisp,347,fn,ported,
ichiran/characters:mora-length,mora-length,ichiran/characters,characters.lisp,275,fn,ported,
ichiran/characters:normalize,normalize,ichiran/characters,characters.lisp,247,fn,ported,
ichiran/characters:rendaku,rendaku,ichiran/characters,characters.lisp,320,fn,ported,
ichiran/characters:safe-subseq,safe-subseq,ichiran/characters,characters.lisp,371,fn,ported,
ichiran/characters:sequential-kanji-positions,sequential-kanji-positions,ichiran/characters,characters.lisp,207,fn,ported,
ichiran/characters:simplify-ngrams,simplify-ngrams,ichiran/characters,characters.lisp,230,fn,ported,
ichiran/characters:split-by-regex,split-by-regex,ichiran/characters,characters.lisp,263,fn,ported,
ichiran/characters:test-word,test-word,ichiran/characters,characters.lisp,187,fn,ported,
ichiran/characters:to-normal-char,to-normal-char,ichiran/characters,characters.lisp,242,fn,ported,
ichiran/characters:unrendaku,unrendaku,ichiran/characters,characters.lisp,308,fn,ported,
ichiran/characters:voice-char,voice-char,ichiran/characters,characters.lisp,91,fn,ported,
ichiran/cli:build,build,ichiran/cli,cli.lisp,102,fn,pending,
ichiran/cli:main,main,ichiran/cli,cli.lisp,48,fn,pending,
ichiran/cli:print-error,print-error,ichiran/cli,cli.lisp,37,fn,skip,"""CLI-only stderr/debugger glue; Rust uses eprintln!/anyhow/panic-hook. Belongs in a future kaniran-cli crate"
ichiran/cli:print-romanize-info,print-romanize-info,ichiran/cli,cli.lisp,44,fn,pending,
ichiran/cli:setup-debugger,setup-debugger,ichiran/cli,cli.lisp,95,fn,skip,"""CLI-only stderr/debugger glue; Rust uses eprintln!/anyhow/panic-hook. Belongs in a future kaniran-cli crate"
ichiran/cli:unknown-option,unknown-option,ichiran/cli,cli.lisp,33,fn,pending,
ichiran/conn:*conn-var-cache*,*conn-var-cache*,ichiran/conn,conn.lisp,41,global,skip,Cache mapping (var . spec) -> value for the per-connection rebinding. Subsumed by per-Ctx field ownership.
ichiran/conn:*conn-vars*,*conn-vars*,ichiran/conn,conn.lisp,39,global,skip,Registry of per-connection-rebound globals. Unneeded once each Ctx owns its caches directly.
ichiran/conn:*connection*,*connection*,ichiran/conn,settings.lisp,3,global,skip,Active connection spec global. State lives on Ctx::pool; constructed via Ctx::from_url or Ctx::from_env.
ichiran/conn:*connection-env-var*,*connection-env-var*,ichiran/conn,conn.lisp,13,global,ported,
ichiran/conn:*connections*,*connections*,ichiran/conn,settings.lisp,5,global,skip,Alist of secondary connection specs. Replaced by call-site Ctx::from_url(...) per database; no global registry.
ichiran/conn:*debug*,*debug*,ichiran/conn,conn.lisp,20,global,skip,Debug-flag global gating dp. Replaced by the tracing crate's filter level.
ichiran/conn:*is-dynamic-connection*,*is-dynamic-connection*,ichiran/conn,conn.lisp,14,global,skip,"""Boolean marking 'connection came from env"
ichiran/conn:*test-var*,*test-var*,ichiran/conn,conn.lisp,0,global,skip,Test fixture for the def-conn-var rebinding system; obsolete with per-Ctx ownership.
ichiran/conn:all-caches,all-caches,ichiran/conn,conn.lisp,110,fn,skip,Class-slot registry pattern doesn't translate. Replaced in Rust by per-cache OnceLock + DI when the DB layer lands; no 1:1 counterpart.
ichiran/conn:cache,cache,ichiran/conn,conn.lisp,96,class,skip,"""Class with one cached value"
ichiran/conn:def-conn-var,def-conn-var,ichiran/conn,conn.lisp,41,macro,skip,Macro registering a global into the per-connection variable rebinding list. The cross-DB rebinding pattern is gone — each Ctx owns its caches directly.
ichiran/conn:defcache,defcache,ichiran/conn,conn.lisp,135,macro,skip,Macro registering a cache + defining init-cache method. Rust shape has no registry; each cache is a typed Ctx field with hand-written accessor.
ichiran/conn:dp,dp,ichiran/conn,conn.lisp,149,fn,skip,Debug-printer wrapper around *debug*. Replaced by the tracing crate's emit + filter level.
ichiran/conn:ensure,ensure,ichiran/conn,conn.lisp,0,gf,skip,Generic-function lazy-init on a cache name. Per-cache lazy access becomes a method on Ctx over its OnceCell field.
ichiran/conn:get-cache,get-cache,ichiran/conn,conn.lisp,113,fn,skip,Looks up a cache instance from the class-side hash by name. Subsumed by typed-field access on Ctx; no name->instance dispatch.
ichiran/conn:get-ichiran-connection-env,get-ichiran-connection-env,ichiran/conn,conn.lisp,154,fn,ported,
ichiran/conn:get-spec,get-spec,ichiran/conn,conn.lisp,25,fn,skip,Lisp dbid-dispatch (nil/list/keyword → connection spec) doesn't translate. Connection registry will be handled via the Rust config crate when the DB layer lands.
ichiran/conn:init-all-caches,init-all-caches,ichiran/conn,conn.lisp,144,fn,skip,Class-slot registry pattern doesn't translate. Replaced in Rust by per-cache OnceLock + DI when the DB layer lands; no 1:1 counterpart.
ichiran/conn:init-cache,init-cache,ichiran/conn,conn.lisp,0,gf,skip,"""Generic-function dispatch on a cache name keyword. Per-cache builders become methods on Ctx"
ichiran/conn:let-db,let-db,ichiran/conn,conn.lisp,32,macro,skip,Rebinds *connection* for a dynamic scope. Multi-DB usage in Rust is Ctx::from_url(other); no scope-binding macro.
ichiran/conn:load-connection-from-env,load-connection-from-env,ichiran/conn,conn.lisp,166,fn,skip,"""Side-effects-on-globals semantics (set *connection*"
ichiran/conn:load-settings,load-settings,ichiran/conn,conn.lisp,76,fn,skip,Loads settings.lisp and overrides connection from env. No counterpart in Rust — config comes from env (or layered config-crate sources) via Ctx::from_env.
ichiran/conn:reset-cache,reset-cache,ichiran/conn,conn.lisp,0,gf,skip,Generic-function force-rebuild of a named cache. Per-cache reset becomes a method on Ctx; no name->instance dispatch.
ichiran/conn:switch-conn-vars,switch-conn-vars,ichiran/conn,conn.lisp,65,fn,skip,Per-connection variable rebinding from *conn-var-cache*. Rust has no dynamic-variable shadowing; replaced by per-Database struct ownership of caches when the DB layer lands. Same family as all-caches / get-spec.
ichiran/conn:with-db,with-db,ichiran/conn,conn.lisp,46,macro,skip,Rebinds *connection* and re-derives per-conn-var cache for a dynamic scope. Replaced by per-Ctx ownership of pool and caches; multi-DB = construct another Ctx.
ichiran/conn:with-log,with-log,ichiran/conn,conn.lisp,86,macro,skip,Wraps cl-postgres:*query-log* to a stream for the body. Replaced by sqlx + tracing query logging.
ichiran/custom:*municipality-types*,*municipality-types*,ichiran/custom,dict-custom.lisp,97,global,pending,
ichiran/custom:*municipality-types-description*,*municipality-types-description*,ichiran/custom,dict-custom.lisp,107,global,pending,
ichiran/custom:*municipality-types-order*,*municipality-types-order*,ichiran/custom,dict-custom.lisp,118,global,pending,
ichiran/custom:*silent-p*,*silent-p*,ichiran/custom,dict-custom.lisp,5,global,pending,
ichiran/custom:as-xml,as-xml,ichiran/custom,dict-custom.lisp,0,gf,pending,
ichiran/custom:as-xml-simple,as-xml-simple,ichiran/custom,dict-custom.lisp,225,fn,pending,
ichiran/custom:copy-municipality,copy-municipality,ichiran/custom,dict-custom.lisp,142,fn,pending,
ichiran/custom:copy-ward,copy-ward,ichiran/custom,dict-custom.lisp,274,fn,pending,
ichiran/custom:copy-xml-entry,copy-xml-entry,ichiran/custom,dict-custom.lisp,61,fn,pending,
ichiran/custom:csv-loader,csv-loader,ichiran/custom,dict-custom.lisp,82,class,pending,
ichiran/custom:custom-source,custom-source,ichiran/custom,dict-custom.lisp,54,class,pending,
ichiran/custom:get-custom-data,get-custom-data,ichiran/custom,dict-custom.lisp,322,fn,pending,
ichiran/custom:get-words,get-words,ichiran/custom,dict-custom.lisp,0,gf,pending,
ichiran/custom:insert,insert,ichiran/custom,dict-custom.lisp,0,gf,pending,
ichiran/custom:insert-entry,insert-entry,ichiran/custom,dict-custom.lisp,0,gf,pending,
ichiran/custom:load-custom-data,load-custom-data,ichiran/custom,dict-custom.lisp,329,fn,pending,
ichiran/custom:make-municipality,make-municipality,ichiran/custom,dict-custom.lisp,142,fn,pending,
ichiran/custom:make-ward,make-ward,ichiran/custom,dict-custom.lisp,274,fn,pending,
ichiran/custom:make-xml-entry,make-xml-entry,ichiran/custom,dict-custom.lisp,61,fn,pending,
ichiran/custom:municipality,municipality,ichiran/custom,dict-custom.lisp,140,struct,pending,
ichiran/custom:municipality-csv,municipality-csv,ichiran/custom,dict-custom.lisp,93,class,pending,
ichiran/custom:municipality-definition,municipality-definition,ichiran/custom,dict-custom.lisp,142,fn,pending,
ichiran/custom:municipality-p,municipality-p,ichiran/custom,dict-custom.lisp,142,fn,pending,
ichiran/custom:municipality-prefecture,municipality-prefecture,ichiran/custom,dict-custom.lisp,142,fn,pending,
ichiran/custom:municipality-reading,municipality-reading,ichiran/custom,dict-custom.lisp,142,fn,pending,
ichiran/custom:municipality-short,municipality-short,ichiran/custom,dict-custom.lisp,123,fn,pending,
ichiran/custom:municipality-text,municipality-text,ichiran/custom,dict-custom.lisp,142,fn,pending,
ichiran/custom:municipality-type,municipality-type,ichiran/custom,dict-custom.lisp,142,fn,pending,
ichiran/custom:normalize-geo,normalize-geo,ichiran/custom,dict-custom.lisp,176,fn,pending,
ichiran/custom:process-entry,process-entry,ichiran/custom,dict-custom.lisp,0,gf,pending,
ichiran/custom:romanize-municipality,romanize-municipality,ichiran/custom,dict-custom.lisp,133,fn,pending,
ichiran/custom:slurp,slurp,ichiran/custom,dict-custom.lisp,0,gf,pending,
ichiran/custom:source-path,source-path,ichiran/custom,dict-custom.lisp,318,fn,pending,
ichiran/custom:test-entry,test-entry,ichiran/custom,dict-custom.lisp,0,gf,pending,
ichiran/custom:update-entry,update-entry,ichiran/custom,dict-custom.lisp,0,gf,pending,
ichiran/custom:update-entry-gloss,update-entry-gloss,ichiran/custom,dict-custom.lisp,0,gf,pending,
ichiran/custom:ward,ward,ichiran/custom,dict-custom.lisp,269,struct,pending,
ichiran/custom:ward-city,ward-city,ichiran/custom,dict-custom.lisp,274,fn,pending,
ichiran/custom:ward-csv,ward-csv,ichiran/custom,dict-custom.lisp,266,class,pending,
ichiran/custom:ward-definition,ward-definition,ichiran/custom,dict-custom.lisp,274,fn,pending,
ichiran/custom:ward-p,ward-p,ichiran/custom,dict-custom.lisp,274,fn,pending,
ichiran/custom:ward-reading,ward-reading,ichiran/custom,dict-custom.lisp,274,fn,pending,
ichiran/custom:ward-text,ward-text,ichiran/custom,dict-custom.lisp,274,fn,pending,
ichiran/custom:xml-entry,xml-entry,ichiran/custom,dict-custom.lisp,63,struct,pending,
ichiran/custom:xml-entry-content,xml-entry-content,ichiran/custom,dict-custom.lisp,61,fn,pending,
ichiran/custom:xml-entry-p,xml-entry-p,ichiran/custom,dict-custom.lisp,61,fn,pending,
ichiran/custom:xml-entry-seq,xml-entry-seq,ichiran/custom,dict-custom.lisp,61,fn,pending,
ichiran/custom:xml-loader,xml-loader,ichiran/custom,dict-custom.lisp,59,class,pending,
ichiran/dict:*aux-verbs*,*aux-verbs*,ichiran/dict,dict-grammar.lisp,1072,global,pending,
ichiran/dict:*conj-description*,*conj-description*,ichiran/dict,dict-load.lisp,0,global,pending,
ichiran/dict:*conj-rules*,*conj-rules*,ichiran/dict,dict-load.lisp,0,global,pending,
ichiran/dict:*copulae*,*copulae*,ichiran/dict,dict-errata.lisp,1205,global,pending,
ichiran/dict:*counter-accepts*,*counter-accepts*,ichiran/dict,dict-counters.lisp,217,global,ported,
ichiran/dict:*counter-cache*,*counter-cache*,ichiran/dict,dict-counters.lisp,0,global,ported,
ichiran/dict:*counter-foreign*,*counter-foreign*,ichiran/dict,dict-counters.lisp,219,global,ported,
ichiran/dict:*counter-suffixes*,*counter-suffixes*,ichiran/dict,dict-counters.lisp,213,global,ported,
ichiran/dict:*disable-hints*,*disable-hints*,ichiran/dict,dict.lisp,78,global,pending,
ichiran/dict:*do-not-conjugate*,*do-not-conjugate*,ichiran/dict,dict-load.lisp,303,global,pending,
ichiran/dict:*do-not-conjugate-seq*,*do-not-conjugate-seq*,ichiran/dict,dict-load.lisp,305,global,pending,
ichiran/dict:*easy-hints-seqs*,*easy-hints-seqs*,ichiran/dict,dict-split.lisp,904,global,pending,
ichiran/dict:*extra-counter-ids*,*extra-counter-ids*,ichiran/dict,dict-counters.lisp,310,global,ported,
ichiran/dict:*final-prt*,*final-prt*,ichiran/dict,dict-errata.lisp,1182,global,pending,
ichiran/dict:*force-kanji-break*,*force-kanji-break*,ichiran/dict,dict-errata.lisp,1226,global,pending,
ichiran/dict:*gap-penalty*,*gap-penalty*,ichiran/dict,dict.lisp,1165,global,pending,
ichiran/dict:*hint-char-map*,*hint-char-map*,ichiran/dict,dict-split.lisp,816,global,pending,
ichiran/dict:*hint-map*,*hint-map*,ichiran/dict,dict-split.lisp,850,global,pending,
ichiran/dict:*hint-simplify-map*,*hint-simplify-map*,ichiran/dict,dict-split.lisp,818,global,pending,
ichiran/dict:*hints-checked*,*hints-checked*,ichiran/dict,dict-split.lisp,947,global,pending,
ichiran/dict:*honorifics*,*honorifics*,ichiran/dict,dict-grammar.lisp,1156,global,pending,
ichiran/dict:*identical-word-score-cutoff*,*identical-word-score-cutoff*,ichiran/dict,dict.lisp,1020,global,pending,
ichiran/dict:*init-suffixes-lock*,*init-suffixes-lock*,ichiran/dict,dict-grammar.lisp,163,global,skip,SBCL mutex guarding init-suffixes-thread's populator and powering init-suffixes-running-p. Subsumed by OnceLock::get_or_init's built-in once-only synchronization on *suffix-cache* / *suffix-class*; no standalone mutex survives.
ichiran/dict:*is-arch-cache*,*is-arch-cache*,ichiran/dict,dict.lisp,0,global,ported,
ichiran/dict:*jmdict-data*,*jmdict-data*,ichiran/dict,settings.lisp,12,global,pending,
ichiran/dict:*jmdict-path*,*jmdict-path*,ichiran/dict,settings.lisp,10,global,pending,
ichiran/dict:*kana-hint-map*,*kana-hint-map*,ichiran/dict,dict-split.lisp,832,global,pending,
ichiran/dict:*kana-hint-mod*,*kana-hint-mod*,ichiran/dict,dict-split.lisp,813,global,pending,
ichiran/dict:*kana-hint-space*,*kana-hint-space*,ichiran/dict,dict-split.lisp,814,global,pending,
ichiran/dict:*length-coeff-sequences*,*length-coeff-sequences*,ichiran/dict,dict.lisp,686,global,pending,
ichiran/dict:*max-word-length*,*max-word-length*,ichiran/dict,dict.lisp,486,global,pending,
ichiran/dict:*no-conj-data*,*no-conj-data*,ichiran/dict,dict.lisp,0,global,ported,
ichiran/dict:*no-kanji-break*,*no-kanji-break*,ichiran/dict,dict-errata.lisp,1229,global,pending,
ichiran/dict:*no-kanji-break-penalty*,*no-kanji-break-penalty*,ichiran/dict,dict-errata.lisp,1214,global,pending,
ichiran/dict:*non-final-prt*,*non-final-prt*,ichiran/dict,dict-errata.lisp,1209,global,pending,
ichiran/dict:*noun-particles*,*noun-particles*,ichiran/dict,dict-grammar.lisp,801,global,pending,
ichiran/dict:*penalty-list*,*penalty-list*,ichiran/dict,dict-grammar.lisp,964,global,pending,
ichiran/dict:*pos-by-index*,*pos-by-index*,ichiran/dict,dict-load.lisp,0,global,pending,
ichiran/dict:*pos-index*,*pos-index*,ichiran/dict,dict-load.lisp,0,global,pending,
ichiran/dict:*pos-with-conj-rules*,*pos-with-conj-rules*,ichiran/dict,dict-load.lisp,307,global,pending,
ichiran/dict:*score-cutoff*,*score-cutoff*,ichiran/dict,dict.lisp,1069,global,pending,
ichiran/dict:*secondary-conjugation-types*,*secondary-conjugation-types*,ichiran/dict,dict-load.lisp,314,global,pending,
ichiran/dict:*secondary-conjugation-types-from*,*secondary-conjugation-types-from*,ichiran/dict,dict-load.lisp,312,global,pending,
ichiran/dict:*segfilter-list*,*segfilter-list*,ichiran/dict,dict-grammar.lisp,1024,global,pending,
ichiran/dict:*segment-score-cutoff*,*segment-score-cutoff*,ichiran/dict,dict.lisp,1351,global,pending,
ichiran/dict:*segsplit-map*,*segsplit-map*,ichiran/dict,dict-split.lisp,704,global,pending,
ichiran/dict:*semi-final-prt*,*semi-final-prt*,ichiran/dict,dict-errata.lisp,1196,global,pending,
ichiran/dict:*skip-conj-forms*,*skip-conj-forms*,ichiran/dict,dict-errata.lisp,1310,global,pending,
ichiran/dict:*skip-counter-ids*,*skip-counter-ids*,ichiran/dict,dict-counters.lisp,315,global,ported,
ichiran/dict:*skip-words*,*skip-words*,ichiran/dict,dict-errata.lisp,1155,global,pending,
ichiran/dict:*special-counters*,*special-counters*,ichiran/dict,dict-counters.lisp,211,global,ported,Doc-only stub: registry value-fn type depends on the unported cache populator (wave 110); storage home depends on the unbuilt KaniranContext::Inner. Re-port as ported once both prerequisites land.
ichiran/dict:*split-map*,*split-map*,ichiran/dict,dict-split.lisp,5,global,pending,
ichiran/dict:*substring-hash*,*substring-hash*,ichiran/dict,dict.lisp,487,global,pending,
ichiran/dict:*suffix-cache*,*suffix-cache*,ichiran/dict,dict-grammar.lisp,0,global,ported,
ichiran/dict:*suffix-class*,*suffix-class*,ichiran/dict,dict-grammar.lisp,0,global,ported,
ichiran/dict:*suffix-description*,*suffix-description*,ichiran/dict,dict-grammar.lisp,0,global,pending,
ichiran/dict:*suffix-list*,*suffix-list*,ichiran/dict,dict-grammar.lisp,329,global,pending,
ichiran/dict:*suffix-map-temp*,*suffix-map-temp*,ichiran/dict,dict.lisp,1049,global,pending,
ichiran/dict:*suffix-next-end*,*suffix-next-end*,ichiran/dict,dict.lisp,1050,global,pending,
ichiran/dict:*suffix-unique-only*,*suffix-unique-only*,ichiran/dict,dict-grammar.lisp,330,global,pending,
ichiran/dict:*synergy-list*,*synergy-list*,ichiran/dict,dict-grammar.lisp,723,global,pending,
ichiran/dict:*weak-conj-forms*,*weak-conj-forms*,ichiran/dict,dict-errata.lisp,1316,global,pending,
ichiran/dict:abbr-beba,abbr-beba,ichiran/dict,dict-grammar.lisp,658,fn,pending,
ichiran/dict:abbr-dewanai,abbr-dewanai,ichiran/dict,dict-grammar.lisp,635,fn,pending,
ichiran/dict:abbr-geba,abbr-geba,ichiran/dict,dict-grammar.lisp,652,fn,pending,
ichiran/dict:abbr-ii,abbr-ii,ichiran/dict,dict-grammar.lisp,677,fn,pending,
ichiran/dict:abbr-keba,abbr-keba,ichiran/dict,dict-grammar.lisp,650,fn,pending,
ichiran/dict:abbr-meba,abbr-meba,ichiran/dict,dict-grammar.lisp,661,fn,pending,
ichiran/dict:abbr-n,abbr-n,ichiran/dict,dict-grammar.lisp,616,fn,pending,
ichiran/dict:abbr-nakereba,abbr-nakereba,ichiran/dict,dict-grammar.lisp,627,fn,pending,
ichiran/dict:abbr-neba,abbr-neba,ichiran/dict,dict-grammar.lisp,655,fn,pending,
ichiran/dict:abbr-nee,abbr-nee,ichiran/dict,dict-grammar.lisp,596,fn,pending,
ichiran/dict:abbr-nx,abbr-nx,ichiran/dict,dict-grammar.lisp,605,fn,pending,
ichiran/dict:abbr-reba,abbr-reba,ichiran/dict,dict-grammar.lisp,647,fn,pending,
ichiran/dict:abbr-seba,abbr-seba,ichiran/dict,dict-grammar.lisp,666,fn,pending,
ichiran/dict:abbr-shimasho,abbr-shimasho,ichiran/dict,dict-grammar.lisp,632,fn,pending,
ichiran/dict:abbr-teba,abbr-teba,ichiran/dict,dict-grammar.lisp,639,fn,pending,
ichiran/dict:add-conj,add-conj,ichiran/dict,dict-errata.lisp,15,fn,pending,
ichiran/dict:add-conj-reading,add-conj-reading,ichiran/dict,dict-errata.lisp,109,fn,pending,
ichiran/dict:add-deha-ja-readings,add-deha-ja-readings,ichiran/dict,dict-errata.lisp,171,fn,pending,
ichiran/dict:add-errata,add-errata,ichiran/dict,dict-errata.lisp,289,fn,pending,
ichiran/dict:add-errata-apr19,add-errata-apr19,ichiran/dict,dict-errata.lisp,847,fn,pending,
ichiran/dict:add-errata-apr20,add-errata-apr20,ichiran/dict,dict-errata.lisp,932,fn,pending,
ichiran/dict:add-errata-aug18,add-errata-aug18,ichiran/dict,dict-errata.lisp,803,fn,pending,
ichiran/dict:add-errata-counters,add-errata-counters,ichiran/dict,dict-errata.lisp,1159,fn,pending,
ichiran/dict:add-errata-dec23,add-errata-dec23,ichiran/dict,dict-errata.lisp,1028,fn,pending,
ichiran/dict:add-errata-feb17,add-errata-feb17,ichiran/dict,dict-errata.lisp,608,fn,pending,
ichiran/dict:add-errata-jan18,add-errata-jan18,ichiran/dict,dict-errata.lisp,697,fn,pending,
ichiran/dict:add-errata-jan19,add-errata-jan19,ichiran/dict,dict-errata.lisp,823,fn,pending,
ichiran/dict:add-errata-jan20,add-errata-jan20,ichiran/dict,dict-errata.lisp,867,fn,pending,
ichiran/dict:add-errata-jan21,add-errata-jan21,ichiran/dict,dict-errata.lisp,979,fn,pending,
ichiran/dict:add-errata-jan22,add-errata-jan22,ichiran/dict,dict-errata.lisp,1017,fn,pending,
ichiran/dict:add-errata-jan25,add-errata-jan25,ichiran/dict,dict-errata.lisp,1055,fn,pending,
ichiran/dict:add-errata-jan26,add-errata-jan26,ichiran/dict,dict-errata.lisp,1077,fn,pending,
ichiran/dict:add-errata-jul20,add-errata-jul20,ichiran/dict,dict-errata.lisp,961,fn,pending,
ichiran/dict:add-errata-mar18,add-errata-mar18,ichiran/dict,dict-errata.lisp,764,fn,pending,
ichiran/dict:add-errata-may21,add-errata-may21,ichiran/dict,dict-errata.lisp,1006,fn,pending,
ichiran/dict:add-gloss,add-gloss,ichiran/dict,dict-errata.lisp,156,fn,pending,
ichiran/dict:add-gozaimasu-conjs,add-gozaimasu-conjs,ichiran/dict,dict-errata.lisp,263,fn,pending,
ichiran/dict:add-new-sense,add-new-sense,ichiran/dict,dict-load.lisp,91,fn,pending,
ichiran/dict:add-new-sense*,add-new-sense*,ichiran/dict,dict-errata.lisp,153,fn,pending,
ichiran/dict:add-primary-nokanji,add-primary-nokanji,ichiran/dict,dict-errata.lisp,251,fn,pending,
ichiran/dict:add-reading,add-reading,ichiran/dict,dict-errata.lisp,35,fn,pending,
ichiran/dict:add-sense,add-sense,ichiran/dict,dict-errata.lisp,146,fn,pending,
ichiran/dict:add-sense-prop,add-sense-prop,ichiran/dict,dict-errata.lisp,140,fn,pending,
ichiran/dict:adjoin-word,adjoin-word,ichiran/dict,dict.lisp,0,gf,pending,
ichiran/dict:apply-patch,apply-patch,ichiran/dict,dict-grammar.lisp,444,fn,pending,
ichiran/dict:apply-score-mod,apply-score-mod,ichiran/dict,dict.lisp,0,gf,pending,
ichiran/dict:apply-segfilters,apply-segfilters,ichiran/dict,dict-grammar.lisp,1177,fn,pending,
ichiran/dict:best-kana-conj,best-kana-conj,ichiran/dict,dict.lisp,428,fn,pending,
ichiran/dict:best-kanji-conj,best-kanji-conj,ichiran/dict,dict.lisp,457,fn,pending,
ichiran/dict:calc-score,calc-score,ichiran/dict,dict.lisp,775,fn,pending,
ichiran/dict:check-easy-hints,check-easy-hints,ichiran/dict,dict-split.lisp,950,fn,pending,
ichiran/dict:classify,classify,ichiran/dict,dict-grammar.lisp,1046,fn,pending,
ichiran/dict:compare-common,compare-common,ichiran/dict,dict.lisp,1022,fn,pending,
ichiran/dict:compound-text,compound-text,ichiran/dict,dict.lisp,608,class,pending,
ichiran/dict:conj-data,conj-data,ichiran/dict,dict.lisp,327,struct,pending,
ichiran/dict:conj-data-from,conj-data-from,ichiran/dict,dict.lisp,325,fn,pending,
ichiran/dict:conj-data-p,conj-data-p,ichiran/dict,dict.lisp,325,fn,pending,
ichiran/dict:conj-data-prop,conj-data-prop,ichiran/dict,dict.lisp,325,fn,pending,
ichiran/dict:conj-data-seq,conj-data-seq,ichiran/dict,dict.lisp,325,fn,pending,
ichiran/dict:conj-data-src-map,conj-data-src-map,ichiran/dict,dict.lisp,325,fn,pending,
ichiran/dict:conj-data-via,conj-data-via,ichiran/dict,dict.lisp,325,fn,pending,
ichiran/dict:conj-info-json,conj-info-json,ichiran/dict,dict.lisp,1698,fn,pending,
ichiran/dict:conj-info-json*,conj-info-json*,ichiran/dict,dict.lisp,1665,fn,pending,
ichiran/dict:conj-info-short,conj-info-short,ichiran/dict,dict.lisp,275,fn,pending,
ichiran/dict:conj-prop,conj-prop,ichiran/dict,dict.lisp,262,dao,pending,
ichiran/dict:conj-prop-json,conj-prop-json,ichiran/dict,dict.lisp,283,fn,pending,
ichiran/dict:conj-source-reading,conj-source-reading,ichiran/dict,dict.lisp,309,dao,pending,
ichiran/dict:conj-type-order,conj-type-order,ichiran/dict,dict.lisp,1612,fn,pending,
ichiran/dict:conjugate-da,conjugate-da,ichiran/dict,dict-errata.lisp,281,fn,pending,
ichiran/dict:conjugate-entry-inner,conjugate-entry-inner,ichiran/dict,dict-load.lisp,314,fn,pending,
ichiran/dict:conjugate-entry-outer,conjugate-entry-outer,ichiran/dict,dict-load.lisp,342,fn,pending,
ichiran/dict:conjugate-word,conjugate-word,ichiran/dict,dict-load.lisp,294,fn,pending,
ichiran/dict:conjugation,conjugation,ichiran/dict,dict.lisp,238,dao,ported,
ichiran/dict:conjugation-rule,conjugation-rule,ichiran/dict,dict-load.lisp,262,struct,pending,
ichiran/dict:conjugation-rule-p,conjugation-rule-p,ichiran/dict,dict-load.lisp,260,fn,pending,
ichiran/dict:construct-conjugation,construct-conjugation,ichiran/dict,dict-load.lisp,281,fn,pending,
ichiran/dict:copy-conj-data,copy-conj-data,ichiran/dict,dict.lisp,325,fn,pending,
ichiran/dict:copy-conjugation-rule,copy-conjugation-rule,ichiran/dict,dict-load.lisp,260,fn,pending,
ichiran/dict:copy-segment,copy-segment,ichiran/dict,dict.lisp,674,fn,pending,
ichiran/dict:copy-segment-list,copy-segment-list,ichiran/dict,dict.lisp,1038,fn,pending,
ichiran/dict:copy-synergy,copy-synergy,ichiran/dict,dict-grammar.lisp,727,fn,pending,
ichiran/dict:copy-top-array-item,copy-top-array-item,ichiran/dict,dict.lisp,1138,fn,pending,
ichiran/dict:counter-age,counter-age,ichiran/dict,dict-counters.lisp,757,class,ported,
ichiran/dict:counter-days-kun,counter-days-kun,ichiran/dict,dict-counters.lisp,686,class,ported,
ichiran/dict:counter-days-on,counter-days-on,ichiran/dict,dict-counters.lisp,709,class,ported,
ichiran/dict:counter-halfhour,counter-halfhour,ichiran/dict,dict-counters.lisp,391,class,ported,
ichiran/dict:counter-hifumi,counter-hifumi,ichiran/dict,dict-counters.lisp,518,class,ported,
ichiran/dict:counter-join,counter-join,ichiran/dict,dict-counters.lisp,0,gf,pending,
ichiran/dict:counter-months,counter-months,ichiran/dict,dict-counters.lisp,721,class,ported,
ichiran/dict:counter-people,counter-people,ichiran/dict,dict-counters.lisp,735,class,ported,
ichiran/dict:counter-text,counter-text,ichiran/dict,dict-counters.lisp,9,class,ported,
ichiran/dict:counter-tsu,counter-tsu,ichiran/dict,dict-counters.lisp,497,class,ported,
ichiran/dict:counter-wari,counter-wari,ichiran/dict,dict-counters.lisp,746,class,ported,
ichiran/dict:cr-conj,cr-conj,ichiran/dict,dict-load.lisp,260,fn,pending,
ichiran/dict:cr-euphk,cr-euphk,ichiran/dict,dict-load.lisp,260,fn,pending,
ichiran/dict:cr-euphr,cr-euphr,ichiran/dict,dict-load.lisp,260,fn,pending,
ichiran/dict:cr-fml,cr-fml,ichiran/dict,dict-load.lisp,260,fn,pending,
ichiran/dict:cr-neg,cr-neg,ichiran/dict,dict-load.lisp,260,fn,pending,
ichiran/dict:cr-okuri,cr-okuri,ichiran/dict,dict-load.lisp,260,fn,pending,
ichiran/dict:cr-onum,cr-onum,ichiran/dict,dict-load.lisp,260,fn,pending,
ichiran/dict:cr-pos,cr-pos,ichiran/dict,dict-load.lisp,260,fn,pending,
ichiran/dict:cr-stem,cr-stem,ichiran/dict,dict-load.lisp,260,fn,pending,
ichiran/dict:csv-hash,csv-hash,ichiran/dict,dict-load.lisp,201,macro,pending,
ichiran/dict:cull-segments,cull-segments,ichiran/dict,dict.lisp,1027,fn,pending,
ichiran/dict:def-abbr-suffix,def-abbr-suffix,ichiran/dict,dict-grammar.lisp,557,macro,pending,
ichiran/dict:def-de-split,def-de-split,ichiran/dict,dict-split.lisp,81,macro,pending,
ichiran/dict:def-do-split,def-do-split,ichiran/dict,dict-split.lisp,181,macro,pending,
ichiran/dict:def-easy-hint,def-easy-hint,ichiran/dict,dict-split.lisp,955,macro,pending,
ichiran/dict:def-generic-penalty,def-generic-penalty,ichiran/dict,dict-grammar.lisp,984,macro,pending,
ichiran/dict:def-generic-synergy,def-generic-synergy,ichiran/dict,dict-grammar.lisp,739,macro,pending,
ichiran/dict:def-reader-for-json,def-reader-for-json,ichiran/dict,dict.lisp,1289,macro,pending,
ichiran/dict:def-segfilter-must-follow,def-segfilter-must-follow,ichiran/dict,dict-grammar.lisp,1049,macro,pending,
ichiran/dict:def-shi-split,def-shi-split,ichiran/dict,dict-split.lisp,191,macro,pending,
ichiran/dict:def-simple-hint,def-simple-hint,ichiran/dict,dict-split.lisp,901,macro,pending,
ichiran/dict:def-simple-split,def-simple-split,ichiran/dict,dict-split.lisp,11,macro,pending,
ichiran/dict:def-simple-suffix,def-simple-suffix,ichiran/dict,dict-grammar.lisp,345,macro,pending,
ichiran/dict:def-special-counter,def-special-counter,ichiran/dict,dict-counters.lisp,361,macro,pending,
ichiran/dict:def-toori-split,def-toori-split,ichiran/dict,dict-split.lisp,143,macro,pending,
ichiran/dict:defhint,defhint,ichiran/dict,dict-split.lisp,892,macro,pending,
ichiran/dict:defpenalty,defpenalty,ichiran/dict,dict-grammar.lisp,981,macro,pending,
ichiran/dict:defsegfilter,defsegfilter,ichiran/dict,dict-grammar.lisp,1043,macro,pending,
ichiran/dict:defsplit,defsplit,ichiran/dict,dict-split.lisp,5,macro,pending,
ichiran/dict:defsuffix,defsuffix,ichiran/dict,dict-grammar.lisp,342,macro,pending,
ichiran/dict:defsynergy,defsynergy,ichiran/dict,dict-grammar.lisp,738,macro,pending,
ichiran/dict:delete-conjugation,delete-conjugation,ichiran/dict,dict-errata.lisp,198,fn,pending,
ichiran/dict:delete-duplicate-props,delete-duplicate-props,ichiran/dict,dict.lisp,295,fn,pending,
ichiran/dict:delete-reading,delete-reading,ichiran/dict,dict-errata.lisp,76,fn,pending,
ichiran/dict:delete-sense-prop,delete-sense-prop,ichiran/dict,dict-errata.lisp,136,fn,pending,
ichiran/dict:delete-senses,delete-senses,ichiran/dict,dict-errata.lisp,129,fn,pending,
ichiran/dict:dict-segment,dict-segment,ichiran/dict,dict.lisp,1451,fn,pending,
ichiran/dict:do-node-list-ord,do-node-list-ord,ichiran/dict,dict-load.lisp,26,macro,pending,
ichiran/dict:do-readings,do-readings,ichiran/dict,dict-errata.lisp,246,macro,pending,
ichiran/dict:drop-extras,drop-extras,ichiran/dict,dict-load.lisp,194,fn,pending,
ichiran/dict:entry,entry,ichiran/dict,dict.lisp,26,dao,ported,
ichiran/dict:entry-digest,entry-digest,ichiran/dict,dict.lisp,64,fn,pending,
ichiran/dict:entry-info-long,entry-info-long,ichiran/dict,dict.lisp,1601,fn,pending,
ichiran/dict:entry-info-short,entry-info-short,ichiran/dict,dict.lisp,1595,fn,pending,
ichiran/dict:errata-conj-description-hook,errata-conj-description-hook,ichiran/dict,dict-errata.lisp,1320,fn,pending,
ichiran/dict:errata-conj-rules-hook,errata-conj-rules-hook,ichiran/dict,dict-errata.lisp,1329,fn,pending,
ichiran/dict:exists-reading,exists-reading,ichiran/dict,dict.lisp,1847,fn,pending,
ichiran/dict:expand-segment-list,expand-segment-list,ichiran/dict,dict.lisp,1180,fn,pending,
ichiran/dict:fill-segment-path,fill-segment-path,ichiran/dict,dict.lisp,1390,fn,pending,
ichiran/dict:filter-in-seq-set,filter-in-seq-set,ichiran/dict,dict-grammar.lisp,783,fn,pending,
ichiran/dict:filter-in-seq-set-simple,filter-in-seq-set-simple,ichiran/dict,dict-grammar.lisp,787,fn,pending,
ichiran/dict:filter-is-compound-end,filter-is-compound-end,ichiran/dict,dict-grammar.lisp,806,fn,pending,
ichiran/dict:filter-is-compound-end-text,filter-is-compound-end-text,ichiran/dict,dict-grammar.lisp,820,fn,pending,
ichiran/dict:filter-is-conjugation,filter-is-conjugation,ichiran/dict,dict-grammar.lisp,797,fn,pending,
ichiran/dict:filter-is-noun,filter-is-noun,ichiran/dict,dict-grammar.lisp,760,fn,pending,
ichiran/dict:filter-is-pos,filter-is-pos,ichiran/dict,dict-grammar.lisp,772,macro,pending,
ichiran/dict:filter-props,filter-props,ichiran/dict,dict.lisp,1627,fn,pending,
ichiran/dict:filter-short-kana,filter-short-kana,ichiran/dict,dict-grammar.lisp,1008,fn,pending,
ichiran/dict:find-best-path,find-best-path,ichiran/dict,dict.lisp,1190,fn,pending,
ichiran/dict:find-conj,find-conj,ichiran/dict,dict-errata.lisp,1,fn,pending,
ichiran/dict:find-counter,find-counter,ichiran/dict,dict-counters.lisp,273,fn,pending,
ichiran/dict:find-kanji-for-pattern,find-kanji-for-pattern,ichiran/dict,dict.lisp,1882,fn,pending,
ichiran/dict:find-sticky-positions,find-sticky-positions,ichiran/dict,dict.lisp,990,fn,pending,
ichiran/dict:find-substring-words,find-substring-words,ichiran/dict,dict.lisp,501,fn,pending,
ichiran/dict:find-word,find-word,ichiran/dict,dict.lisp,489,fn,pending,
ichiran/dict:find-word-as-hiragana,find-word-as-hiragana,ichiran/dict,dict.lisp,592,fn,pending,
ichiran/dict:find-word-conj-of,find-word-conj-of,ichiran/dict,dict-grammar.lisp,77,fn,pending,
ichiran/dict:find-word-full,find-word-full,ichiran/dict,dict.lisp,1052,fn,pending,
ichiran/dict:find-word-info,find-word-info,ichiran/dict,dict.lisp,1850,fn,pending,
ichiran/dict:find-word-info-json,find-word-info-json,ichiran/dict,dict.lisp,1872,fn,pending,
ichiran/dict:find-word-kana-pattern,find-word-kana-pattern,ichiran/dict,dict.lisp,1877,fn,pending,
ichiran/dict:find-word-seq,find-word-seq,ichiran/dict,dict-grammar.lisp,73,fn,pending,
ichiran/dict:find-word-suffix,find-word-suffix,ichiran/dict,dict-grammar.lisp,706,fn,pending,
ichiran/dict:find-word-with-conj-prop,find-word-with-conj-prop,ichiran/dict,dict-grammar.lisp,42,fn,pending,
ichiran/dict:find-word-with-conj-type,find-word-with-conj-type,ichiran/dict,dict-grammar.lisp,51,fn,pending,
ichiran/dict:find-word-with-pos,find-word-with-pos,ichiran/dict,dict-grammar.lisp,87,fn,pending,
ichiran/dict:find-word-with-suffix,find-word-with-suffix,ichiran/dict,dict-grammar.lisp,100,fn,pending,
ichiran/dict:find-words-seqs,find-words-seqs,ichiran/dict,dict.lisp,520,fn,pending,
ichiran/dict:fix-entities,fix-entities,ichiran/dict,dict-load.lisp,159,fn,pending,
ichiran/dict:gap-penalty,gap-penalty,ichiran/dict,dict.lisp,1169,fn,pending,
ichiran/dict:gen-score,gen-score,ichiran/dict,dict.lisp,985,fn,pending,
ichiran/dict:get-all-readings,get-all-readings,ichiran/dict,dict-errata.lisp,257,fn,pending,
ichiran/dict:get-array,get-array,ichiran/dict,dict.lisp,0,gf,pending,
ichiran/dict:get-candidates,get-candidates,ichiran/dict,dict.lisp,1904,fn,pending,
ichiran/dict:get-conj-data,get-conj-data,ichiran/dict,dict.lisp,340,fn,pending,
ichiran/dict:get-conj-description,get-conj-description,ichiran/dict,dict-load.lisp,255,fn,pending,
ichiran/dict:get-conj-rules,get-conj-rules,ichiran/dict,dict-load.lisp,265,fn,pending,
ichiran/dict:get-counter-ids,get-counter-ids,ichiran/dict,dict-counters.lisp,285,fn,ported,
ichiran/dict:get-counter-readings,get-counter-readings,ichiran/dict,dict-counters.lisp,335,fn,ported,
ichiran/dict:get-counter-stags,get-counter-stags,ichiran/dict,dict-counters.lisp,292,fn,ported,
ichiran/dict:get-digit,get-digit,ichiran/dict,dict-counters.lisp,94,fn,pending,
ichiran/dict:get-glosses,get-glosses,ichiran/dict,dict.lisp,1892,fn,pending,
ichiran/dict:get-hint,get-hint,ichiran/dict,dict-split.lisp,968,fn,pending,
ichiran/dict:get-kana,get-kana,ichiran/dict,dict.lisp,0,gf,pending,
ichiran/dict:get-kana-form,get-kana-form,ichiran/dict,dict-grammar.lisp,36,fn,pending,
ichiran/dict:get-kana-forms,get-kana-forms,ichiran/dict,dict-grammar.lisp,32,fn,pending,
ichiran/dict:get-kana-forms*,get-kana-forms*,ichiran/dict,dict-grammar.lisp,17,fn,pending,
ichiran/dict:get-kana-forms-conj-data-filter,get-kana-forms-conj-data-filter,ichiran/dict,dict-grammar.lisp,10,fn,pending,
ichiran/dict:get-kanji,get-kanji,ichiran/dict,dict.lisp,0,gf,pending,
ichiran/dict:get-kanji-kana-old,get-kanji-kana-old,ichiran/dict,dict.lisp,115,fn,pending,
ichiran/dict:get-kanji-words,get-kanji-words,ichiran/dict,dict.lisp,1836,fn,pending,
ichiran/dict:get-non-arch-posi,get-non-arch-posi,ichiran/dict,dict.lisp,762,fn,pending,
ichiran/dict:get-original-text,get-original-text,ichiran/dict,dict.lisp,0,gf,pending,
ichiran/dict:get-original-text*,get-original-text*,ichiran/dict,dict.lisp,378,fn,pending,
ichiran/dict:get-original-text-once,get-original-text-once,ichiran/dict,dict.lisp,369,fn,pending,
ichiran/dict:get-penalties,get-penalties,ichiran/dict,dict-grammar.lisp,1030,fn,pending,
ichiran/dict:get-pos,get-pos,ichiran/dict,dict-load.lisp,251,fn,pending,
ichiran/dict:get-pos-index,get-pos-index,ichiran/dict,dict-load.lisp,247,fn,pending,
ichiran/dict:get-seg-initial,get-seg-initial,ichiran/dict,dict.lisp,1172,fn,pending,
ichiran/dict:get-seg-splits,get-seg-splits,ichiran/dict,dict.lisp,1175,fn,pending,
ichiran/dict:get-segment-score,get-segment-score,ichiran/dict,dict.lisp,0,gf,pending,
ichiran/dict:get-segsplit,get-segsplit,ichiran/dict,dict-split.lisp,823,fn,pending,
ichiran/dict:get-senses,get-senses,ichiran/dict,dict.lisp,1487,fn,pending,
ichiran/dict:get-senses-json,get-senses-json,ichiran/dict,dict.lisp,1537,fn,pending,
ichiran/dict:get-senses-raw,get-senses-raw,ichiran/dict,dict.lisp,1458,fn,pending,
ichiran/dict:get-senses-str,get-senses-str,ichiran/dict,dict.lisp,1495,fn,pending,
ichiran/dict:get-split,get-split,ichiran/dict,dict-split.lisp,75,fn,pending,
ichiran/dict:get-split*,get-split*,ichiran/dict,dict-split.lisp,67,fn,pending,
ichiran/dict:get-suffix-description,get-suffix-description,ichiran/dict,dict-grammar.lisp,160,fn,pending,
ichiran/dict:get-suffix-map,get-suffix-map,ichiran/dict,dict-grammar.lisp,685,fn,pending,
ichiran/dict:get-suffixes,get-suffixes,ichiran/dict,dict-grammar.lisp,697,fn,pending,
ichiran/dict:get-synergies,get-synergies,ichiran/dict,dict-grammar.lisp,976,fn,pending,
ichiran/dict:get-text,get-text,ichiran/dict,dict.lisp,0,gf,pending,
ichiran/dict:gloss,gloss,ichiran/dict,dict.lisp,178,dao,pending,
ichiran/dict:init-suffix-hashtables,init-suffix-hashtables,ichiran/dict,dict-grammar.lisp,6,fn,skip,Empty-hashtable initializer for *suffix-cache* / *suffix-class* def-conn-vars. Rust replacement is OnceLock<HashMap> populated on first read; no standalone init verb survives.
ichiran/dict:init-suffixes,init-suffixes,ichiran/dict,dict-grammar.lisp,332,fn,pending,
ichiran/dict:init-suffixes-running-p,init-suffixes-running-p,ichiran/dict,dict-grammar.lisp,165,fn,skip,Loader-busy predicate over a one-shot init thread + def-conn-var cache. Rust replacement is OnceLock::get().is_some() or eager startup init; the verb has nowhere to live.
ichiran/dict:init-suffixes-thread,init-suffixes-thread,ichiran/dict,dict-grammar.lisp,169,fn,pending,
ichiran/dict:init-tables,init-tables,ichiran/dict,dict-load.lisp,3,fn,pending,
ichiran/dict:insert-conjugation,insert-conjugation,ichiran/dict,dict-load.lisp,375,fn,pending,
ichiran/dict:insert-hints,insert-hints,ichiran/dict,dict-split.lisp,875,fn,pending,
ichiran/dict:insert-readings,insert-readings,ichiran/dict,dict-load.lisp,32,fn,pending,
ichiran/dict:insert-sense-traits,insert-sense-traits,ichiran/dict,dict-load.lisp,66,fn,pending,
ichiran/dict:insert-senses,insert-senses,ichiran/dict,dict-load.lisp,71,fn,pending,
ichiran/dict:is-arch,is-arch,ichiran/dict,dict.lisp,760,fn,pending,
ichiran/dict:is-rareru,is-rareru,ichiran/dict,dict.lisp,1619,fn,pending,
ichiran/dict:join-substring-words,join-substring-words,ichiran/dict,dict.lisp,1113,fn,pending,
ichiran/dict:join-substring-words*,join-substring-words*,ichiran/dict,dict.lisp,1069,fn,pending,
ichiran/dict:kana-text,kana-text,ichiran/dict,dict.lisp,128,dao,ported,
ichiran/dict:kanji-break-penalty,kanji-break-penalty,ichiran/dict,dict.lisp,702,fn,pending,
ichiran/dict:kanji-text,kanji-text,ichiran/dict,dict.lisp,86,dao,ported,
ichiran/dict:length-multiplier,length-multiplier,ichiran/dict,dict.lisp,681,fn,pending,
ichiran/dict:length-multiplier-coeff,length-multiplier-coeff,ichiran/dict,dict.lisp,694,fn,pending,
ichiran/dict:lex-compare,lex-compare,ichiran/dict,dict-load.lisp,365,fn,pending,
ichiran/dict:load-best-readings,load-best-readings,ichiran/dict,dict-load.lisp,530,fn,pending,
ichiran/dict:load-conj-description,load-conj-description,ichiran/dict,dict-load.lisp,255,fn,pending,
ichiran/dict:load-conj-rules,load-conj-rules,ichiran/dict,dict-load.lisp,265,fn,pending,
ichiran/dict:load-conjugations,load-conjugations,ichiran/dict,dict-load.lisp,445,fn,pending,
ichiran/dict:load-entry,load-entry,ichiran/dict,dict-load.lisp,113,fn,pending,
ichiran/dict:load-extras,load-extras,ichiran/dict,dict-load.lisp,183,fn,pending,
ichiran/dict:load-jmdict,load-jmdict,ichiran/dict,dict-load.lisp,168,fn,pending,
ichiran/dict:load-pos-by-index,load-pos-by-index,ichiran/dict,dict-load.lisp,251,fn,pending,
ichiran/dict:load-pos-index,load-pos-index,ichiran/dict,dict-load.lisp,247,fn,pending,
ichiran/dict:load-secondary-conjugations,load-secondary-conjugations,ichiran/dict,dict-load.lisp,457,fn,pending,
ichiran/dict:make-conj-data,make-conj-data,ichiran/dict,dict.lisp,325,fn,pending,
ichiran/dict:make-conjugation-rule,make-conjugation-rule,ichiran/dict,dict-load.lisp,260,fn,pending,
ichiran/dict:make-segment,make-segment,ichiran/dict,dict.lisp,674,fn,pending,
ichiran/dict:make-segment-list,make-segment-list,ichiran/dict,dict.lisp,1038,fn,pending,
ichiran/dict:make-segment-list-from,make-segment-list-from,ichiran/dict,dict-grammar.lisp,733,fn,pending,
ichiran/dict:make-slice,make-slice,ichiran/dict,dict.lisp,1010,fn,pending,
ichiran/dict:make-synergy,make-synergy,ichiran/dict,dict-grammar.lisp,727,fn,pending,
ichiran/dict:make-top-array-item,make-top-array-item,ichiran/dict,dict.lisp,1138,fn,pending,
ichiran/dict:map-word-info-kana,map-word-info-kana,ichiran/dict,dict.lisp,1728,fn,pending,
ichiran/dict:match-glosses,match-glosses,ichiran/dict,dict.lisp,1921,fn,pending,
ichiran/dict:match-kana-kanji,match-kana-kanji,ichiran/dict,dict.lisp,1507,fn,pending,
ichiran/dict:match-sense-restrictions,match-sense-restrictions,ichiran/dict,dict.lisp,1515,fn,pending,
ichiran/dict:match-unique,match-unique,ichiran/dict,dict-grammar.lisp,702,fn,pending,
ichiran/dict:next-seq,next-seq,ichiran/dict,dict-load.lisp,110,fn,pending,
ichiran/dict:no-conj-data,no-conj-data,ichiran/dict,dict.lisp,337,fn,pending,
ichiran/dict:node-text,node-text,ichiran/dict,dict-load.lisp,14,fn,pending,
ichiran/dict:number-text,number-text,ichiran/dict,dict-counters.lisp,203,class,ported,
ichiran/dict:optprefix,optprefix,ichiran/dict,dict-split.lisp,580,fn,pending,
ichiran/dict:or-as-hiragana,or-as-hiragana,ichiran/dict,dict-grammar.lisp,95,fn,pending,
ichiran/dict:ordinal-str,ordinal-str,ichiran/dict,dict-counters.lisp,38,fn,pending,
ichiran/dict:pair-words-by-conj,pair-words-by-conj,ichiran/dict,dict-grammar.lisp,56,fn,pending,
ichiran/dict:parse-suffix-val,parse-suffix-val,ichiran/dict,dict-grammar.lisp,679,fn,pending,
ichiran/dict:penalty-semi-final,penalty-semi-final,ichiran/dict,dict-grammar.lisp,1022,fn,pending,
ichiran/dict:penalty-short,penalty-short,ichiran/dict,dict-grammar.lisp,1020,fn,pending,
ichiran/dict:print-conj-info,print-conj-info,ichiran/dict,dict.lisp,1649,fn,pending,
ichiran/dict:process-hints,process-hints,ichiran/dict,dict-split.lisp,872,fn,pending,
ichiran/dict:process-word-info,process-word-info,ichiran/dict,dict.lisp,1417,fn,pending,
ichiran/dict:proxy-text,proxy-text,ichiran/dict,dict.lisp,550,class,pending,
ichiran/dict:query-parents-kana,query-parents-kana,ichiran/dict,dict.lisp,415,fn,pending,
ichiran/dict:query-parents-kanji,query-parents-kanji,ichiran/dict,dict.lisp,400,fn,pending,
ichiran/dict:reading-str,reading-str,ichiran/dict,dict.lisp,0,gf,pending,
ichiran/dict:reading-str*,reading-str*,ichiran/dict,dict.lisp,1580,fn,pending,
ichiran/dict:reading-str-seq,reading-str-seq,ichiran/dict,dict.lisp,1584,fn,pending,
ichiran/dict:rearrange-readings,rearrange-readings,ichiran/dict,dict-errata.lisp,229,fn,pending,
ichiran/dict:rearrange-readings-conj,rearrange-readings-conj,ichiran/dict,dict-errata.lisp,241,fn,pending,
ichiran/dict:recalc-entry-stats,recalc-entry-stats,ichiran/dict,dict.lisp,53,fn,pending,
ichiran/dict:recalc-entry-stats-all,recalc-entry-stats-all,ichiran/dict,dict.lisp,59,fn,pending,
ichiran/dict:register-item,register-item,ichiran/dict,dict.lisp,0,gf,pending,
ichiran/dict:remove-hiragana-nokanji,remove-hiragana-nokanji,ichiran/dict,dict-errata.lisp,217,fn,pending,
ichiran/dict:replace-reading,replace-reading,ichiran/dict,dict-errata.lisp,49,fn,pending,
ichiran/dict:replace-reading-conj,replace-reading-conj,ichiran/dict,dict-errata.lisp,60,fn,pending,
ichiran/dict:reset-readings,reset-readings,ichiran/dict,dict-errata.lisp,70,fn,pending,
ichiran/dict:restricted-readings,restricted-readings,ichiran/dict,dict.lisp,221,dao,pending,
ichiran/dict:root-diff,root-diff,ichiran/dict,dict-errata.lisp,95,fn,pending,
ichiran/dict:root-diff-fn,root-diff-fn,ichiran/dict,dict-errata.lisp,104,fn,pending,
ichiran/dict:score-base,score-base,ichiran/dict,dict.lisp,0,gf,pending,
ichiran/dict:segfilter-aux-verb,segfilter-aux-verb,ichiran/dict,dict-grammar.lisp,1099,fn,pending,
ichiran/dict:segfilter-badend,segfilter-badend,ichiran/dict,dict-grammar.lisp,1114,fn,pending,
ichiran/dict:segfilter-dashi,segfilter-dashi,ichiran/dict,dict-grammar.lisp,1167,fn,pending,
ichiran/dict:segfilter-dekiru,segfilter-dekiru,ichiran/dict,dict-grammar.lisp,1175,fn,pending,
ichiran/dict:segfilter-honorific,segfilter-honorific,ichiran/dict,dict-grammar.lisp,1177,fn,pending,
ichiran/dict:segfilter-janai,segfilter-janai,ichiran/dict,dict-grammar.lisp,1146,fn,pending,
ichiran/dict:segfilter-mononi,segfilter-mononi,ichiran/dict,dict-grammar.lisp,1177,fn,pending,
ichiran/dict:segfilter-n,segfilter-n,ichiran/dict,dict-grammar.lisp,1106,fn,pending,
ichiran/dict:segfilter-nohayamete,segfilter-nohayamete,ichiran/dict,dict-grammar.lisp,1151,fn,pending,
ichiran/dict:segfilter-roku,segfilter-roku,ichiran/dict,dict-grammar.lisp,1129,fn,pending,
ichiran/dict:segfilter-sae,segfilter-sae,ichiran/dict,dict-grammar.lisp,1141,fn,pending,
ichiran/dict:segfilter-sukiyoki,segfilter-sukiyoki,ichiran/dict,dict-grammar.lisp,1119,fn,pending,
ichiran/dict:segfilter-toomou,segfilter-toomou,ichiran/dict,dict-grammar.lisp,1156,fn,pending,
ichiran/dict:segfilter-totte,segfilter-totte,ichiran/dict,dict-grammar.lisp,1165,fn,pending,
ichiran/dict:segfilter-tsu-iru,segfilter-tsu-iru,ichiran/dict,dict-grammar.lisp,1101,fn,pending,
ichiran/dict:segfilter-wokarasu,segfilter-wokarasu,ichiran/dict,dict-grammar.lisp,1112,fn,pending,
ichiran/dict:segment,segment,ichiran/dict,dict.lisp,674,struct,pending,
ichiran/dict:segment-end,segment-end,ichiran/dict,dict.lisp,674,fn,pending,
ichiran/dict:segment-info,segment-info,ichiran/dict,dict.lisp,674,fn,pending,
ichiran/dict:segment-list,segment-list,ichiran/dict,dict.lisp,1038,struct,pending,
ichiran/dict:segment-list-end,segment-list-end,ichiran/dict,dict.lisp,1038,fn,pending,
ichiran/dict:segment-list-matches,segment-list-matches,ichiran/dict,dict.lisp,1038,fn,pending,
ichiran/dict:segment-list-p,segment-list-p,ichiran/dict,dict.lisp,1038,fn,pending,
ichiran/dict:segment-list-segments,segment-list-segments,ichiran/dict,dict.lisp,1038,fn,pending,
ichiran/dict:segment-list-start,segment-list-start,ichiran/dict,dict.lisp,1038,fn,pending,
ichiran/dict:segment-list-top,segment-list-top,ichiran/dict,dict.lisp,1038,fn,pending,
ichiran/dict:segment-p,segment-p,ichiran/dict,dict.lisp,674,fn,pending,
ichiran/dict:segment-score,segment-score,ichiran/dict,dict.lisp,674,fn,pending,
ichiran/dict:segment-start,segment-start,ichiran/dict,dict.lisp,674,fn,pending,
ichiran/dict:segment-text,segment-text,ichiran/dict,dict.lisp,674,fn,pending,
ichiran/dict:segment-top,segment-top,ichiran/dict,dict.lisp,674,fn,pending,
ichiran/dict:segment-word,segment-word,ichiran/dict,dict.lisp,674,fn,pending,
ichiran/dict:select-conjs,select-conjs,ichiran/dict,dict.lisp,1604,fn,pending,
ichiran/dict:select-conjs-and-props,select-conjs-and-props,ichiran/dict,dict.lisp,1640,fn,pending,
ichiran/dict:sense,sense,ichiran/dict,dict.lisp,166,dao,ported,
ichiran/dict:sense-exists-p,sense-exists-p,ichiran/dict,dict-load.lisp,80,fn,pending,
ichiran/dict:sense-prop,sense-prop,ichiran/dict,dict.lisp,197,dao,ported,
ichiran/dict:set-common,set-common,ichiran/dict,dict-errata.lisp,166,fn,pending,
ichiran/dict:set-primary-nokanji,set-primary-nokanji,ichiran/dict,dict-errata.lisp,224,fn,pending,
ichiran/dict:set-reading,set-reading,ichiran/dict,dict-load.lisp,0,gf,pending,
ichiran/dict:short-sense-str,short-sense-str,ichiran/dict,dict.lisp,1562,fn,pending,
ichiran/dict:simple-segment,simple-segment,ichiran/dict,dict.lisp,1456,fn,pending,
ichiran/dict:simple-text,simple-text,ichiran/dict,dict.lisp,69,class,ported,
ichiran/dict:simple-word-info,simple-word-info,ichiran/dict,dict.lisp,1282,fn,pending,
ichiran/dict:simplify-reading-list,simplify-reading-list,ichiran/dict,dict.lisp,1704,fn,pending,
ichiran/dict:skip-by-conj-data,skip-by-conj-data,ichiran/dict,dict-errata.lisp,1336,fn,pending,
ichiran/dict:split-1000430,split-1000430,ichiran/dict,dict-split.lisp,505,fn,pending,
ichiran/dict:split-1002970,split-1002970,ichiran/dict,dict-split.lisp,492,fn,pending,
ichiran/dict:split-1005600,split-1005600,ichiran/dict,dict-split.lisp,498,fn,pending,
ichiran/dict:split-1006280,split-1006280,ichiran/dict,dict-split.lisp,669,fn,pending,
ichiran/dict:split-1006880,split-1006880,ichiran/dict,dict-split.lisp,727,fn,pending,
ichiran/dict:split-1008030,split-1008030,ichiran/dict,dict-split.lisp,645,fn,pending,
ichiran/dict:split-1010105,split-1010105,ichiran/dict,dict-split.lisp,771,fn,pending,
ichiran/dict:split-1207840,split-1207840,ichiran/dict,dict-split.lisp,711,fn,pending,
ichiran/dict:split-1221530,split-1221530,ichiran/dict,dict-split.lisp,611,fn,pending,
ichiran/dict:split-1221680,split-1221680,ichiran/dict,dict-split.lisp,521,fn,pending,
ichiran/dict:split-1314600,split-1314600,ichiran/dict,dict-split.lisp,512,fn,pending,
ichiran/dict:split-1314770,split-1314770,ichiran/dict,dict-split.lisp,640,fn,pending,
ichiran/dict:split-1315860,split-1315860,ichiran/dict,dict-split.lisp,535,fn,pending,
ichiran/dict:split-1322540,split-1322540,ichiran/dict,dict-split.lisp,517,fn,pending,
ichiran/dict:split-1322560,split-1322560,ichiran/dict,dict-split.lisp,719,fn,pending,
ichiran/dict:split-1327220,split-1327220,ichiran/dict,dict-split.lisp,424,fn,pending,
ichiran/dict:split-1327230,split-1327230,ichiran/dict,dict-split.lisp,429,fn,pending,
ichiran/dict:split-1349300,split-1349300,ichiran/dict,dict-split.lisp,608,fn,pending,
ichiran/dict:split-1362970,split-1362970,ichiran/dict,dict-split.lisp,759,fn,pending,
ichiran/dict:split-1474200,split-1474200,ichiran/dict,dict-split.lisp,546,fn,pending,
ichiran/dict:split-1502500,split-1502500,ichiran/dict,dict-split.lisp,487,fn,pending,
ichiran/dict:split-1508380,split-1508380,ichiran/dict,dict-split.lisp,478,fn,pending,
ichiran/dict:split-1532270,split-1532270,ichiran/dict,dict-split.lisp,685,fn,pending,
ichiran/dict:split-1538340,split-1538340,ichiran/dict,dict-split.lisp,526,fn,pending,
ichiran/dict:split-1551500,split-1551500,ichiran/dict,dict-split.lisp,631,fn,pending,
ichiran/dict:split-1567610,split-1567610,ichiran/dict,dict-split.lisp,771,fn,pending,
ichiran/dict:split-1579130,split-1579130,ichiran/dict,dict-split.lisp,559,fn,pending,
ichiran/dict:split-1581550,split-1581550,ichiran/dict,dict-split.lisp,650,fn,pending,
ichiran/dict:split-1591050,split-1591050,ichiran/dict,dict-split.lisp,571,fn,pending,
ichiran/dict:split-1591980,split-1591980,ichiran/dict,dict-split.lisp,625,fn,pending,
ichiran/dict:split-1597740,split-1597740,ichiran/dict,dict-split.lisp,645,fn,pending,
ichiran/dict:split-1601010,split-1601010,ichiran/dict,dict-split.lisp,732,fn,pending,
ichiran/dict:split-1601080,split-1601080,ichiran/dict,dict-split.lisp,658,fn,pending,
ichiran/dict:split-1602740,split-1602740,ichiran/dict,dict-split.lisp,605,fn,pending,
ichiran/dict:split-1606530,split-1606530,ichiran/dict,dict-split.lisp,676,fn,pending,
ichiran/dict:split-1606800,split-1606800,ichiran/dict,dict-split.lisp,706,fn,pending,
ichiran/dict:split-1612640,split-1612640,ichiran/dict,dict-split.lisp,509,fn,pending,
ichiran/dict:split-1675330,split-1675330,ichiran/dict,dict-split.lisp,771,fn,pending,
ichiran/dict:split-1774820,split-1774820,ichiran/dict,dict-split.lisp,756,fn,pending,
ichiran/dict:split-1854750,split-1854750,ichiran/dict,dict-split.lisp,596,fn,pending,
ichiran/dict:split-1855670,split-1855670,ichiran/dict,dict-split.lisp,742,fn,pending,
ichiran/dict:split-1863230,split-1863230,ichiran/dict,dict-split.lisp,698,fn,pending,
ichiran/dict:split-1881690,split-1881690,ichiran/dict,dict-split.lisp,734,fn,pending,
ichiran/dict:split-1894260,split-1894260,ichiran/dict,dict-split.lisp,586,fn,pending,
ichiran/dict:split-2002270,split-2002270,ichiran/dict,dict-split.lisp,633,fn,pending,
ichiran/dict:split-2007500,split-2007500,ichiran/dict,dict-split.lisp,681,fn,pending,
ichiran/dict:split-2009290,split-2009290,ichiran/dict,dict-split.lisp,483,fn,pending,
ichiran/dict:split-2016840,split-2016840,ichiran/dict,dict-split.lisp,502,fn,pending,
ichiran/dict:split-2026650,split-2026650,ichiran/dict,dict-split.lisp,601,fn,pending,
ichiran/dict:split-2083990,split-2083990,ichiran/dict,dict-split.lisp,468,fn,pending,
ichiran/dict:split-2088480,split-2088480,ichiran/dict,dict-split.lisp,438,fn,pending,
ichiran/dict:split-2109610,split-2109610,ichiran/dict,dict-split.lisp,715,fn,pending,
ichiran/dict:split-2133750,split-2133750,ichiran/dict,dict-split.lisp,691,fn,pending,
ichiran/dict:split-2272780,split-2272780,ichiran/dict,dict-split.lisp,616,fn,pending,
ichiran/dict:split-2276360,split-2276360,ichiran/dict,dict-split.lisp,554,fn,pending,
ichiran/dict:split-2433760,split-2433760,ichiran/dict,dict-split.lisp,432,fn,pending,
ichiran/dict:split-2526850,split-2526850,ichiran/dict,dict-split.lisp,597,fn,pending,
ichiran/dict:split-2529050,split-2529050,ichiran/dict,dict-split.lisp,662,fn,pending,
ichiran/dict:split-2666360,split-2666360,ichiran/dict,dict-split.lisp,446,fn,pending,
ichiran/dict:split-2668400,split-2668400,ichiran/dict,dict-split.lisp,564,fn,pending,
ichiran/dict:split-2724560,split-2724560,ichiran/dict,dict-split.lisp,442,fn,pending,
ichiran/dict:split-2757500,split-2757500,ichiran/dict,dict-split.lisp,531,fn,pending,
ichiran/dict:split-2757540,split-2757540,ichiran/dict,dict-split.lisp,673,fn,pending,
ichiran/dict:split-2762260,split-2762260,ichiran/dict,dict-split.lisp,474,fn,pending,
ichiran/dict:split-2771940,split-2771940,ichiran/dict,dict-split.lisp,457,fn,pending,
ichiran/dict:split-2834051,split-2834051,ichiran/dict,dict-split.lisp,702,fn,pending,
ichiran/dict:split-2834732,split-2834732,ichiran/dict,dict-split.lisp,740,fn,pending,
ichiran/dict:split-2835890,split-2835890,ichiran/dict,dict-split.lisp,577,fn,pending,
ichiran/dict:split-2841254,split-2841254,ichiran/dict,dict-split.lisp,771,fn,pending,
ichiran/dict:split-2846470,split-2846470,ichiran/dict,dict-split.lisp,621,fn,pending,
ichiran/dict:split-2855921,split-2855921,ichiran/dict,dict-split.lisp,748,fn,pending,
ichiran/dict:split-dakara,split-dakara,ichiran/dict,dict-split.lisp,771,fn,pending,
ichiran/dict:split-de-1004800,split-de-1004800,ichiran/dict,dict-split.lisp,104,fn,pending,
ichiran/dict:split-de-1006840,split-de-1006840,ichiran/dict,dict-split.lisp,106,fn,pending,
ichiran/dict:split-de-1163700,split-de-1163700,ichiran/dict,dict-split.lisp,102,fn,pending,
ichiran/dict:split-de-1189420,split-de-1189420,ichiran/dict,dict-split.lisp,111,fn,pending,
ichiran/dict:split-de-1245390,split-de-1245390,ichiran/dict,dict-split.lisp,108,fn,pending,
ichiran/dict:split-de-1270210,split-de-1270210,ichiran/dict,dict-split.lisp,140,fn,pending,
ichiran/dict:split-de-1272220,split-de-1272220,ichiran/dict,dict-split.lisp,112,fn,pending,
ichiran/dict:split-de-1311360,split-de-1311360,ichiran/dict,dict-split.lisp,113,fn,pending,
ichiran/dict:split-de-1343110,split-de-1343110,ichiran/dict,dict-split.lisp,139,fn,pending,
ichiran/dict:split-de-1368500,split-de-1368500,ichiran/dict,dict-split.lisp,114,fn,pending,
ichiran/dict:split-de-1395670,split-de-1395670,ichiran/dict,dict-split.lisp,115,fn,pending,
ichiran/dict:split-de-1417790,split-de-1417790,ichiran/dict,dict-split.lisp,116,fn,pending,
ichiran/dict:split-de-1454270,split-de-1454270,ichiran/dict,dict-split.lisp,117,fn,pending,
ichiran/dict:split-de-1479100,split-de-1479100,ichiran/dict,dict-split.lisp,119,fn,pending,
ichiran/dict:split-de-1510140,split-de-1510140,ichiran/dict,dict-split.lisp,120,fn,pending,
ichiran/dict:split-de-1518550,split-de-1518550,ichiran/dict,dict-split.lisp,121,fn,pending,
ichiran/dict:split-de-1530610,split-de-1530610,ichiran/dict,dict-split.lisp,107,fn,pending,
ichiran/dict:split-de-1531420,split-de-1531420,ichiran/dict,dict-split.lisp,122,fn,pending,
ichiran/dict:split-de-1597400,split-de-1597400,ichiran/dict,dict-split.lisp,123,fn,pending,
ichiran/dict:split-de-1611020,split-de-1611020,ichiran/dict,dict-split.lisp,102,fn,pending,
ichiran/dict:split-de-1679990,split-de-1679990,ichiran/dict,dict-split.lisp,124,fn,pending,
ichiran/dict:split-de-1682060,split-de-1682060,ichiran/dict,dict-split.lisp,126,fn,pending,
ichiran/dict:split-de-1736650,split-de-1736650,ichiran/dict,dict-split.lisp,127,fn,pending,
ichiran/dict:split-de-1865020,split-de-1865020,ichiran/dict,dict-split.lisp,128,fn,pending,
ichiran/dict:split-de-1878880,split-de-1878880,ichiran/dict,dict-split.lisp,129,fn,pending,
ichiran/dict:split-de-2126220,split-de-2126220,ichiran/dict,dict-split.lisp,130,fn,pending,
ichiran/dict:split-de-2136520,split-de-2136520,ichiran/dict,dict-split.lisp,131,fn,pending,
ichiran/dict:split-de-2513590,split-de-2513590,ichiran/dict,dict-split.lisp,133,fn,pending,
ichiran/dict:split-de-2719270,split-de-2719270,ichiran/dict,dict-split.lisp,109,fn,pending,
ichiran/dict:split-de-2771850,split-de-2771850,ichiran/dict,dict-split.lisp,135,fn,pending,
ichiran/dict:split-de-2810720,split-de-2810720,ichiran/dict,dict-split.lisp,105,fn,pending,
ichiran/dict:split-de-2810800,split-de-2810800,ichiran/dict,dict-split.lisp,136,fn,pending,
ichiran/dict:split-degozaimasu,split-degozaimasu,ichiran/dict,dict-split.lisp,140,fn,pending,
ichiran/dict:split-deha,split-deha,ichiran/dict,dict-split.lisp,771,fn,pending,
ichiran/dict:split-desura,split-desura,ichiran/dict,dict-split.lisp,382,fn,pending,
ichiran/dict:split-do-2142680,split-do-2142680,ichiran/dict,dict-split.lisp,190,fn,pending,
ichiran/dict:split-do-2142710,split-do-2142710,ichiran/dict,dict-split.lisp,189,fn,pending,
ichiran/dict:split-do-2523480,split-do-2523480,ichiran/dict,dict-split.lisp,190,fn,pending,
ichiran/dict:split-do-2803190,split-do-2803190,ichiran/dict,dict-split.lisp,189,fn,pending,
ichiran/dict:split-dogatsukeru,split-dogatsukeru,ichiran/dict,dict-split.lisp,276,fn,pending,
ichiran/dict:split-dokoroka,split-dokoroka,ichiran/dict,dict-split.lisp,771,fn,pending,
ichiran/dict:split-gotoni,split-gotoni,ichiran/dict,dict-split.lisp,387,fn,pending,
ichiran/dict:split-hairikomeru,split-hairikomeru,ichiran/dict,dict-split.lisp,340,fn,pending,
ichiran/dict:split-hajiketobu,split-hajiketobu,ichiran/dict,dict-split.lisp,328,fn,pending,
ichiran/dict:split-hajikidasu,split-hajikidasu,ichiran/dict,dict-split.lisp,368,fn,pending,
ichiran/dict:split-hayaimonode,split-hayaimonode,ichiran/dict,dict-split.lisp,267,fn,pending,
ichiran/dict:split-hisshininatte,split-hisshininatte,ichiran/dict,dict-split.lisp,348,fn,pending,
ichiran/dict:split-hitorashii,split-hitorashii,ichiran/dict,dict-split.lisp,771,fn,pending,
ichiran/dict:split-hitotachi,split-hitotachi,ichiran/dict,dict-split.lisp,375,fn,pending,
ichiran/dict:split-honno,split-honno,ichiran/dict,dict-split.lisp,771,fn,pending,
ichiran/dict:split-jan,split-jan,ichiran/dict,dict-split.lisp,454,fn,pending,
ichiran/dict:split-janai,split-janai,ichiran/dict,dict-split.lisp,449,fn,pending,
ichiran/dict:split-janaika,split-janaika,ichiran/dict,dict-split.lisp,281,fn,pending,
ichiran/dict:split-kaasan,split-kaasan,ichiran/dict,dict-split.lisp,285,fn,pending,
ichiran/dict:split-kaisasae,split-kaisasae,ichiran/dict,dict-split.lisp,399,fn,pending,
ichiran/dict:split-kanatte,split-kanatte,ichiran/dict,dict-split.lisp,771,fn,pending,
ichiran/dict:split-katawonaraberu,split-katawonaraberu,ichiran/dict,dict-split.lisp,305,fn,pending,
ichiran/dict:split-kawaribae,split-kawaribae,ichiran/dict,dict-split.lisp,258,fn,pending,
ichiran/dict:split-kigatsuku,split-kigatsuku,ichiran/dict,dict-split.lisp,298,fn,pending,
ichiran/dict:split-kimatte,split-kimatte,ichiran/dict,dict-split.lisp,314,fn,pending,
ichiran/dict:split-kinosei,split-kinosei,ichiran/dict,dict-split.lisp,295,fn,pending,
ichiran/dict:split-kotonisuru,split-kotonisuru,ichiran/dict,dict-split.lisp,360,fn,pending,
ichiran/dict:split-motteiku,split-motteiku,ichiran/dict,dict-split.lisp,333,fn,pending,
ichiran/dict:split-moushiwakenasasou,split-moushiwakenasasou,ichiran/dict,dict-split.lisp,310,fn,pending,
ichiran/dict:split-naito,split-naito,ichiran/dict,dict-split.lisp,771,fn,pending,
ichiran/dict:split-nakunaru,split-nakunaru,ichiran/dict,dict-split.lisp,237,fn,pending,
ichiran/dict:split-nakunaru2,split-nakunaru2,ichiran/dict,dict-split.lisp,244,fn,pending,
ichiran/dict:split-nanimokamo,split-nanimokamo,ichiran/dict,dict-split.lisp,301,fn,pending,
ichiran/dict:split-nantokanaru,split-nantokanaru,ichiran/dict,dict-split.lisp,323,fn,pending,
ichiran/dict:split-nara,split-nara,ichiran/dict,dict-split.lisp,464,fn,pending,
ichiran/dict:split-nitotte,split-nitotte,ichiran/dict,dict-split.lisp,354,fn,pending,
ichiran/dict:split-omise,split-omise,ichiran/dict,dict-split.lisp,771,fn,pending,
ichiran/dict:split-osagari,split-osagari,ichiran/dict,dict-split.lisp,395,fn,pending,
ichiran/dict:split-osoreiru,split-osoreiru,ichiran/dict,dict-split.lisp,318,fn,pending,
ichiran/dict:split-pos,split-pos,ichiran/dict,dict.lisp,1535,fn,pending,
ichiran/dict:split-shi-1005700,split-shi-1005700,ichiran/dict,dict-split.lisp,209,fn,pending,
ichiran/dict:split-shi-1005830,split-shi-1005830,ichiran/dict,dict-split.lisp,210,fn,pending,
ichiran/dict:split-shi-1157200,split-shi-1157200,ichiran/dict,dict-split.lisp,211,fn,pending,
ichiran/dict:split-shi-1157220,split-shi-1157220,ichiran/dict,dict-split.lisp,212,fn,pending,
ichiran/dict:split-shi-1157230,split-shi-1157230,ichiran/dict,dict-split.lisp,213,fn,pending,
ichiran/dict:split-shi-1157240,split-shi-1157240,ichiran/dict,dict-split.lisp,232,fn,pending,
ichiran/dict:split-shi-1157280,split-shi-1157280,ichiran/dict,dict-split.lisp,214,fn,pending,
ichiran/dict:split-shi-1157310,split-shi-1157310,ichiran/dict,dict-split.lisp,215,fn,pending,
ichiran/dict:split-shi-1304820,split-shi-1304820,ichiran/dict,dict-split.lisp,234,fn,pending,
ichiran/dict:split-shi-1304890,split-shi-1304890,ichiran/dict,dict-split.lisp,216,fn,pending,
ichiran/dict:split-shi-1304960,split-shi-1304960,ichiran/dict,dict-split.lisp,218,fn,pending,
ichiran/dict:split-shi-1305110,split-shi-1305110,ichiran/dict,dict-split.lisp,219,fn,pending,
ichiran/dict:split-shi-1305280,split-shi-1305280,ichiran/dict,dict-split.lisp,221,fn,pending,
ichiran/dict:split-shi-1305290,split-shi-1305290,ichiran/dict,dict-split.lisp,223,fn,pending,
ichiran/dict:split-shi-1594300,split-shi-1594300,ichiran/dict,dict-split.lisp,223,fn,pending,
ichiran/dict:split-shi-1594310,split-shi-1594310,ichiran/dict,dict-split.lisp,225,fn,pending,
ichiran/dict:split-shi-1594460,split-shi-1594460,ichiran/dict,dict-split.lisp,227,fn,pending,
ichiran/dict:split-shi-1594580,split-shi-1594580,ichiran/dict,dict-split.lisp,228,fn,pending,
ichiran/dict:split-shi-2518250,split-shi-2518250,ichiran/dict,dict-split.lisp,231,fn,pending,
ichiran/dict:split-shi-2858937,split-shi-2858937,ichiran/dict,dict-split.lisp,235,fn,pending,
ichiran/dict:split-shinikakaru,split-shinikakaru,ichiran/dict,dict-split.lisp,345,fn,pending,
ichiran/dict:split-souda,split-souda,ichiran/dict,dict-split.lisp,290,fn,pending,
ichiran/dict:split-soudesu,split-soudesu,ichiran/dict,dict-split.lisp,292,fn,pending,
ichiran/dict:split-tegakakaru,split-tegakakaru,ichiran/dict,dict-split.lisp,249,fn,pending,
ichiran/dict:split-toha,split-toha,ichiran/dict,dict-split.lisp,771,fn,pending,
ichiran/dict:split-toiu,split-toiu,ichiran/dict,dict-split.lisp,404,fn,pending,
ichiran/dict:split-toiukotoda,split-toiukotoda,ichiran/dict,dict-split.lisp,407,fn,pending,
ichiran/dict:split-tokorode,split-tokorode,ichiran/dict,dict-split.lisp,771,fn,pending,
ichiran/dict:split-tokorodewa,split-tokorodewa,ichiran/dict,dict-split.lisp,771,fn,pending,
ichiran/dict:split-tokoroe,split-tokoroe,ichiran/dict,dict-split.lisp,771,fn,pending,
ichiran/dict:split-tokoroga,split-tokoroga,ichiran/dict,dict-split.lisp,771,fn,pending,
ichiran/dict:split-tokorowo,split-tokorowo,ichiran/dict,dict-split.lisp,771,fn,pending,
ichiran/dict:split-tonaru,split-tonaru,ichiran/dict,dict-split.lisp,419,fn,pending,
ichiran/dict:split-tonattara,split-tonattara,ichiran/dict,dict-split.lisp,415,fn,pending,
ichiran/dict:split-toori-1164910,split-toori-1164910,ichiran/dict,dict-split.lisp,174,fn,pending,
ichiran/dict:split-toori-1260990,split-toori-1260990,ichiran/dict,dict-split.lisp,155,fn,pending,
ichiran/dict:split-toori-1368820,split-toori-1368820,ichiran/dict,dict-split.lisp,171,fn,pending,
ichiran/dict:split-toori-1414570,split-toori-1414570,ichiran/dict,dict-split.lisp,157,fn,pending,
ichiran/dict:split-toori-1424950,split-toori-1424950,ichiran/dict,dict-split.lisp,159,fn,pending,
ichiran/dict:split-toori-1424960,split-toori-1424960,ichiran/dict,dict-split.lisp,161,fn,pending,
ichiran/dict:split-toori-1462720,split-toori-1462720,ichiran/dict,dict-split.lisp,179,fn,pending,
ichiran/dict:split-toori-1489800,split-toori-1489800,ichiran/dict,dict-split.lisp,167,fn,pending,
ichiran/dict:split-toori-1523010,split-toori-1523010,ichiran/dict,dict-split.lisp,169,fn,pending,
ichiran/dict:split-toori-1550490,split-toori-1550490,ichiran/dict,dict-split.lisp,172,fn,pending,
ichiran/dict:split-toori-1619440,split-toori-1619440,ichiran/dict,dict-split.lisp,173,fn,pending,
ichiran/dict:split-toori-1808080,split-toori-1808080,ichiran/dict,dict-split.lisp,171,fn,pending,
ichiran/dict:split-toori-1820790,split-toori-1820790,ichiran/dict,dict-split.lisp,165,fn,pending,
ichiran/dict:strip-hints,strip-hints,ichiran/dict,dict-split.lisp,874,fn,pending,
ichiran/dict:subseq-slice,subseq-slice,ichiran/dict,dict.lisp,1013,fn,pending,
ichiran/dict:substring-index,substring-index,ichiran/dict,dict.lisp,1132,fn,pending,
ichiran/dict:suffix-adv,suffix-adv,ichiran/dict,dict-grammar.lisp,472,fn,pending,
ichiran/dict:suffix-chau,suffix-chau,ichiran/dict,dict-grammar.lisp,427,fn,pending,
ichiran/dict:suffix-desho,suffix-desho,ichiran/dict,dict-grammar.lisp,541,fn,pending,
ichiran/dict:suffix-desu,suffix-desu,ichiran/dict,dict-grammar.lisp,525,fn,pending,
ichiran/dict:suffix-garu,suffix-garu,ichiran/dict,dict-grammar.lisp,504,fn,pending,
ichiran/dict:suffix-iadj,suffix-iadj,ichiran/dict,dict-grammar.lisp,500,fn,pending,
ichiran/dict:suffix-kudasai,suffix-kudasai,ichiran/dict,dict-grammar.lisp,412,fn,pending,
ichiran/dict:suffix-kurai,suffix-kurai,ichiran/dict,dict-grammar.lisp,552,fn,pending,
ichiran/dict:suffix-neg,suffix-neg,ichiran/dict,dict-grammar.lisp,392,fn,pending,
ichiran/dict:suffix-ra,suffix-ra,ichiran/dict,dict-grammar.lisp,516,fn,pending,
ichiran/dict:suffix-rashii,suffix-rashii,ichiran/dict,dict-grammar.lisp,520,fn,pending,
ichiran/dict:suffix-ren,suffix-ren,ichiran/dict,dict-grammar.lisp,384,fn,pending,
ichiran/dict:suffix-ren-,suffix-ren-,ichiran/dict,dict-grammar.lisp,387,fn,pending,
ichiran/dict:suffix-rou,suffix-rou,ichiran/dict,dict-grammar.lisp,470,fn,pending,
ichiran/dict:suffix-sa,suffix-sa,ichiran/dict,dict-grammar.lisp,490,fn,pending,
ichiran/dict:suffix-sou,suffix-sou,ichiran/dict,dict-grammar.lisp,454,fn,pending,
ichiran/dict:suffix-sou+,suffix-sou+,ichiran/dict,dict-grammar.lisp,468,fn,pending,
ichiran/dict:suffix-sou-base,suffix-sou-base,ichiran/dict,dict-grammar.lisp,445,macro,pending,
ichiran/dict:suffix-sugiru,suffix-sugiru,ichiran/dict,dict-grammar.lisp,475,fn,pending,
ichiran/dict:suffix-suru,suffix-suru,ichiran/dict,dict-grammar.lisp,441,fn,pending,
ichiran/dict:suffix-tai,suffix-tai,ichiran/dict,dict-grammar.lisp,379,fn,pending,
ichiran/dict:suffix-te,suffix-te,ichiran/dict,dict-grammar.lisp,401,fn,pending,
ichiran/dict:suffix-te+space,suffix-te+space,ichiran/dict,dict-grammar.lisp,410,fn,pending,
ichiran/dict:suffix-te-ren,suffix-te-ren,ichiran/dict,dict-grammar.lisp,414,fn,pending,
ichiran/dict:suffix-teii,suffix-teii,ichiran/dict,dict-grammar.lisp,423,fn,pending,
ichiran/dict:suffix-teiru,suffix-teiru,ichiran/dict,dict-grammar.lisp,405,fn,pending,
ichiran/dict:suffix-teiru+,suffix-teiru+,ichiran/dict,dict-grammar.lisp,408,fn,pending,
ichiran/dict:suffix-to,suffix-to,ichiran/dict,dict-grammar.lisp,436,fn,pending,
ichiran/dict:suffix-tosuru,suffix-tosuru,ichiran/dict,dict-grammar.lisp,549,fn,pending,
ichiran/dict:synergy,synergy,ichiran/dict,dict-grammar.lisp,713,struct,pending,
ichiran/dict:synergy-connector,synergy-connector,ichiran/dict,dict-grammar.lisp,727,fn,pending,
ichiran/dict:synergy-description,synergy-description,ichiran/dict,dict-grammar.lisp,727,fn,pending,
ichiran/dict:synergy-end,synergy-end,ichiran/dict,dict-grammar.lisp,727,fn,pending,
ichiran/dict:synergy-kanji-prefix,synergy-kanji-prefix,ichiran/dict,dict-grammar.lisp,940,fn,pending,
ichiran/dict:synergy-na-adjectives,synergy-na-adjectives,ichiran/dict,dict-grammar.lisp,892,fn,pending,
ichiran/dict:synergy-no-adjectives,synergy-no-adjectives,ichiran/dict,dict-grammar.lisp,884,fn,pending,
ichiran/dict:synergy-no-da,synergy-no-da,ichiran/dict,dict-grammar.lisp,871,fn,pending,
ichiran/dict:synergy-no-toori,synergy-no-toori,ichiran/dict,dict-grammar.lisp,970,fn,pending,
ichiran/dict:synergy-noun-da,synergy-noun-da,ichiran/dict,dict-grammar.lisp,859,fn,pending,
ichiran/dict:synergy-noun-particle,synergy-noun-particle,ichiran/dict,dict-grammar.lisp,850,fn,pending,
ichiran/dict:synergy-o-prefix,synergy-o-prefix,ichiran/dict,dict-grammar.lisp,935,fn,pending,
ichiran/dict:synergy-oki,synergy-oki,ichiran/dict,dict-grammar.lisp,973,fn,pending,
ichiran/dict:synergy-p,synergy-p,ichiran/dict,dict-grammar.lisp,727,fn,pending,
ichiran/dict:synergy-score,synergy-score,ichiran/dict,dict-grammar.lisp,727,fn,pending,
ichiran/dict:synergy-shicha-ikenai,synergy-shicha-ikenai,ichiran/dict,dict-grammar.lisp,951,fn,pending,
ichiran/dict:synergy-shika-negative,synergy-shika-negative,ichiran/dict,dict-grammar.lisp,959,fn,pending,
ichiran/dict:synergy-sou-nanda,synergy-sou-nanda,ichiran/dict,dict-grammar.lisp,878,fn,pending,
ichiran/dict:synergy-start,synergy-start,ichiran/dict,dict-grammar.lisp,727,fn,pending,
ichiran/dict:synergy-suffix-buri,synergy-suffix-buri,ichiran/dict,dict-grammar.lisp,925,fn,pending,
ichiran/dict:synergy-suffix-chu,synergy-suffix-chu,ichiran/dict,dict-grammar.lisp,914,fn,pending,
ichiran/dict:synergy-suffix-sei,synergy-suffix-sei,ichiran/dict,dict-grammar.lisp,929,fn,pending,
ichiran/dict:synergy-suffix-tachi,synergy-suffix-tachi,ichiran/dict,dict-grammar.lisp,921,fn,pending,
ichiran/dict:synergy-to-adverbs,synergy-to-adverbs,ichiran/dict,dict-grammar.lisp,902,fn,pending,
ichiran/dict:tai-payload,tai-payload,ichiran/dict,dict.lisp,1138,fn,pending,
ichiran/dict:tai-score,tai-score,ichiran/dict,dict.lisp,1138,fn,pending,
ichiran/dict:te-check,te-check,ichiran/dict,dict-grammar.lisp,395,fn,pending,
ichiran/dict:teiru-check,teiru-check,ichiran/dict,dict-grammar.lisp,404,fn,pending,
ichiran/dict:test-conj-prop,test-conj-prop,ichiran/dict,dict-errata.lisp,1336,fn,pending,
ichiran/dict:top-array,top-array,ichiran/dict,dict.lisp,1140,class,pending,
ichiran/dict:top-array-item,top-array-item,ichiran/dict,dict.lisp,1138,struct,pending,
ichiran/dict:top-array-item-p,top-array-item-p,ichiran/dict,dict.lisp,1138,fn,pending,
ichiran/dict:translate-hint-position,translate-hint-position,ichiran/dict,dict-split.lisp,930,fn,pending,
ichiran/dict:translate-hints,translate-hints,ichiran/dict,dict-split.lisp,942,fn,pending,
ichiran/dict:true-kana,true-kana,ichiran/dict,dict.lisp,0,gf,pending,
ichiran/dict:true-kanji,true-kanji,ichiran/dict,dict.lisp,0,gf,pending,
ichiran/dict:true-text,true-text,ichiran/dict,dict.lisp,0,gf,pending,
ichiran/dict:value-string,value-string,ichiran/dict,dict-counters.lisp,0,gf,pending,
ichiran/dict:verify,verify,ichiran/dict,dict-counters.lisp,0,gf,pending,
ichiran/dict:word-conj-data,word-conj-data,ichiran/dict,dict.lisp,0,gf,pending,
ichiran/dict:word-info,word-info,ichiran/dict,dict.lisp,1245,class,pending,
ichiran/dict:word-info-from-segment,word-info-from-segment,ichiran/dict,dict.lisp,1327,fn,pending,
ichiran/dict:word-info-from-segment-list,word-info-from-segment-list,ichiran/dict,dict.lisp,1353,fn,pending,
ichiran/dict:word-info-from-text,word-info-from-text,ichiran/dict,dict.lisp,1382,fn,pending,
ichiran/dict:word-info-gloss-json,word-info-gloss-json,ichiran/dict,dict.lisp,1784,fn,pending,
ichiran/dict:word-info-json,word-info-json,ichiran/dict,dict.lisp,1262,fn,pending,
ichiran/dict:word-info-reading,word-info-reading,ichiran/dict,dict.lisp,1445,fn,pending,
ichiran/dict:word-info-reading-str,word-info-reading-str,ichiran/dict,dict.lisp,1734,fn,pending,
ichiran/dict:word-info-rec-find,word-info-rec-find,ichiran/dict,dict.lisp,1409,fn,pending,
ichiran/dict:word-info-str,word-info-str,ichiran/dict,dict.lisp,1747,fn,pending,
ichiran/dict:word-readings,word-readings,ichiran/dict,dict.lisp,536,fn,pending,
ichiran/dict:word-type,word-type,ichiran/dict,dict.lisp,0,gf,pending,
ichiran/kanji:*kanjidic-path*,*kanjidic-path*,ichiran/kanji,settings.lisp,16,global,pending,
ichiran/kanji:*reading-cache*,*reading-cache*,ichiran/kanji,kanji.lisp,199,global,pending,
ichiran/kanji:calculate-perc,calculate-perc,ichiran/kanji,kanji.lisp,349,fn,pending,
ichiran/kanji:first-node-text,first-node-text,ichiran/kanji,kanji.lisp,106,fn,pending,
ichiran/kanji:get-normal-readings,get-normal-readings,ichiran/kanji,kanji.lisp,231,fn,pending,
ichiran/kanji:get-original-reading,get-original-reading,ichiran/kanji,kanji.lisp,308,fn,pending,
ichiran/kanji:get-reading-alternatives,get-reading-alternatives,ichiran/kanji,kanji.lisp,216,fn,pending,
ichiran/kanji:get-reading-stats,get-reading-stats,ichiran/kanji,kanji.lisp,399,fn,pending,
ichiran/kanji:get-readings,get-readings,ichiran/kanji,kanji.lisp,211,fn,pending,
ichiran/kanji:get-readings-cache,get-readings-cache,ichiran/kanji,kanji.lisp,199,fn,pending,
ichiran/kanji:init-tables,init-tables,ichiran/kanji,kanji.lisp,98,fn,pending,
ichiran/kanji:kanji,kanji,ichiran/kanji,kanji.lisp,10,dao,pending,
ichiran/kanji:kanji-info-json,kanji-info-json,ichiran/kanji,kanji.lisp,392,fn,pending,
ichiran/kanji:kanji-reading-json,kanji-reading-json,ichiran/kanji,kanji.lisp,410,fn,pending,
ichiran/kanji:kanji-word-stats,kanji-word-stats,ichiran/kanji,kanji.lisp,316,fn,pending,
ichiran/kanji:load-kanji,load-kanji,ichiran/kanji,kanji.lisp,152,fn,pending,
ichiran/kanji:load-kanji-stats,load-kanji-stats,ichiran/kanji,kanji.lisp,332,fn,pending,
ichiran/kanji:load-kanjidic,load-kanjidic,ichiran/kanji,kanji.lisp,185,fn,pending,
ichiran/kanji:load-readings,load-readings,ichiran/kanji,kanji.lisp,114,fn,pending,
ichiran/kanji:make-rmap,make-rmap,ichiran/kanji,kanji.lisp,273,fn,pending,
ichiran/kanji:match-readings,match-readings,ichiran/kanji,kanji.lisp,292,fn,pending,
ichiran/kanji:match-readings*,match-readings*,ichiran/kanji,kanji.lisp,241,fn,pending,
ichiran/kanji:match-readings-json,match-readings-json,ichiran/kanji,kanji.lisp,452,fn,pending,
ichiran/kanji:meaning,meaning,ichiran/kanji,kanji.lisp,83,dao,pending,
ichiran/kanji:okurigana,okurigana,ichiran/kanji,kanji.lisp,67,dao,pending,
ichiran/kanji:process-match-json,process-match-json,ichiran/kanji,kanji.lisp,428,fn,pending,
ichiran/kanji:query-kanji-json,query-kanji-json,ichiran/kanji,kanji.lisp,458,macro,pending,
ichiran/kanji:reading,reading,ichiran/kanji,kanji.lisp,42,dao,pending,
ichiran/kanji:reading-info-json,reading-info-json,ichiran/kanji,kanji.lisp,354,fn,pending,
ichiran/kanji:to-json,to-json,ichiran/kanji,kanji.lisp,0,gf,pending,
ichiran/maintenance:add-errata,add-errata,ichiran/maintenance,ichiran.lisp,152,fn,pending,
ichiran/maintenance:collect-entries,collect-entries,ichiran/maintenance,ichiran.lisp,107,fn,pending,
ichiran/maintenance:compare-queries,compare-queries,ichiran/maintenance,ichiran.lisp,47,macro,pending,
ichiran/maintenance:custom-init,custom-init,ichiran/maintenance,ichiran.lisp,40,fn,pending,
ichiran/maintenance:diff-content,diff-content,ichiran/maintenance,ichiran.lisp,138,fn,ported,
ichiran/maintenance:display-seq-set,display-seq-set,ichiran/maintenance,ichiran.lisp,54,macro,pending,
ichiran/maintenance:full-init,full-init,ichiran/maintenance,ichiran.lisp,29,fn,pending,
ichiran/maintenance:get-hardcoded-constants,get-hardcoded-constants,ichiran/maintenance,ichiran.lisp,98,fn,pending,
ichiran/maintenance:get-seq-changes,get-seq-changes,ichiran/maintenance,ichiran.lisp,121,fn,pending,
ichiran/maintenance:regex-file,regex-file,ichiran/maintenance,ichiran.lisp,93,fn,pending,
ichiran/maintenance:show-diffs,show-diffs,ichiran/maintenance,ichiran.lisp,147,fn,pending,
ichiran/maintenance:show-missing-constants,show-missing-constants,ichiran/maintenance,ichiran.lisp,117,fn,pending,
ichiran/maintenance:switch-connection,switch-connection,ichiran/maintenance,ichiran.lisp,82,fn,pending,
ichiran/numbers:*char-number-class*,*char-number-class*,ichiran/numbers,numbers.lisp,9,global,ported,
ichiran/numbers:*char-number-class-hash*,*char-number-class-hash*,ichiran/numbers,numbers.lisp,18,global,ported,
ichiran/numbers:*digit-kanji-default*,*digit-kanji-default*,ichiran/numbers,numbers.lisp,3,global,ported,
ichiran/numbers:*digit-kanji-legal*,*digit-kanji-legal*,ichiran/numbers,numbers.lisp,5,global,ported,
ichiran/numbers:*digit-to-kana*,*digit-to-kana*,ichiran/numbers,numbers.lisp,25,global,ported,
ichiran/numbers:*power-kanji*,*power-kanji*,ichiran/numbers,numbers.lisp,7,global,ported,
ichiran/numbers:*power-to-kana*,*power-to-kana*,ichiran/numbers,numbers.lisp,28,global,ported,
ichiran/numbers:group-to-kana,group-to-kana,ichiran/numbers,numbers.lisp,117,fn,ported,
ichiran/numbers:not-a-number,not-a-number,ichiran/numbers,numbers.lisp,0,condition,ported,
ichiran/numbers:num-sandhi,num-sandhi,ichiran/numbers,numbers.lisp,0,gf,ported,
ichiran/numbers:number-to-kana,number-to-kana,ichiran/numbers,numbers.lisp,125,fn,ported,
ichiran/numbers:number-to-kanji,number-to-kanji,ichiran/numbers,numbers.lisp,35,fn,ported,
ichiran/numbers:parse-number,parse-number,ichiran/numbers,numbers.lisp,77,fn,ported,
ichiran/numbers:parse-number*,parse-number*,ichiran/numbers,numbers.lisp,57,fn,ported,
ichiran/test:*delays*,*delays*,ichiran/test,tests.lisp,4,global,pending,
ichiran/test:*test-thread-count*,*test-thread-count*,ichiran/test,tests.lisp,3,global,pending,
ichiran/test:assert-segment,assert-segment,ichiran/test,tests.lisp,30,fn,pending,
ichiran/test:define-parallel-test,define-parallel-test,ichiran/test,tests.lisp,24,macro,pending,
ichiran/test:run-all-tests,run-all-tests,ichiran/test,tests.lisp,682,fn,pending,
ichiran/test:run-parallel-tests,run-parallel-tests,ichiran/test,tests.lisp,682,fn,pending,
ichiran/test:test-job,test-job,ichiran/test,tests.lisp,12,macro,pending,
ichiran/test:test-progress,test-progress,ichiran/test,tests.lisp,4,fn,pending,
ichiran:*default-romanization-method*,*default-romanization-method*,ichiran,romanize.lisp,203,global,pending,
ichiran:*hepburn-basic*,*hepburn-basic*,ichiran,romanize.lisp,144,global,pending,
ichiran:*hepburn-kana-table*,*hepburn-kana-table*,ichiran,romanize.lisp,0,global,pending,
ichiran:*hepburn-modified*,*hepburn-modified*,ichiran,romanize.lisp,168,global,pending,
ichiran:*hepburn-passport*,*hepburn-passport*,ichiran,romanize.lisp,149,global,pending,
ichiran:*hepburn-simple*,*hepburn-simple*,ichiran,romanize.lisp,146,global,pending,
ichiran:*hepburn-traditional*,*hepburn-traditional*,ichiran,romanize.lisp,160,global,pending,
ichiran:*kunrei-siki*,*kunrei-siki*,ichiran,romanize.lisp,201,global,pending,
ichiran:*kunrei-siki-kana-table*,*kunrei-siki-kana-table*,ichiran,romanize.lisp,0,global,pending,
ichiran:*romaji-kana*,*romaji-kana*,ichiran,deromanize.lisp,0,global,pending,
ichiran:*romaji-kana-next*,*romaji-kana-next*,ichiran,deromanize.lisp,21,global,pending,
ichiran:apply-rmap-item,apply-rmap-item,ichiran,deromanize.lisp,35,fn,pending,
ichiran:branches-next,branches-next,ichiran,deromanize.lisp,69,fn,pending,
ichiran:copy-kana-representation,copy-kana-representation,ichiran,deromanize.lisp,21,fn,pending,
ichiran:copy-rmap-item,copy-rmap-item,ichiran,deromanize.lisp,3,fn,pending,
ichiran:generic-hepburn,generic-hepburn,ichiran,romanize.lisp,103,class,pending,
ichiran:generic-romanization,generic-romanization,ichiran,romanize.lisp,62,class,pending,
ichiran:get-character-classes,get-character-classes,ichiran,romanize.lisp,3,fn,pending,
ichiran:get-romaji-kana,get-romaji-kana,ichiran,deromanize.lisp,5,fn,pending,
ichiran:has-successors,has-successors,ichiran,deromanize.lisp,11,fn,pending,
ichiran:join-branches,join-branches,ichiran,deromanize.lisp,54,fn,pending,
ichiran:join-parts,join-parts,ichiran,romanize.lisp,235,fn,pending,
ichiran:kana-representation,kana-representation,ichiran,deromanize.lisp,23,struct,pending,
ichiran:kana-representation-p,kana-representation-p,ichiran,deromanize.lisp,21,fn,pending,
ichiran:kr-branch,kr-branch,ichiran,deromanize.lisp,21,fn,pending,
ichiran:kr-canonical,kr-canonical,ichiran,deromanize.lisp,21,fn,pending,
ichiran:kr-concat,kr-concat,ichiran,deromanize.lisp,23,fn,pending,
ichiran:kr-pattern,kr-pattern,ichiran,deromanize.lisp,21,fn,pending,
ichiran:kr-rest,kr-rest,ichiran,deromanize.lisp,21,fn,pending,
ichiran:kunrei-siki,kunrei-siki,ichiran,romanize.lisp,194,class,pending,
ichiran:leftmost-atom,leftmost-atom,ichiran,romanize.lisp,25,fn,pending,
ichiran:load-romaji-kana,load-romaji-kana,ichiran,deromanize.lisp,5,fn,pending,
ichiran:make-kana-representation,make-kana-representation,ichiran,deromanize.lisp,21,fn,pending,
ichiran:make-rmap-item,make-rmap-item,ichiran,deromanize.lisp,3,fn,pending,
ichiran:modified-hepburn,modified-hepburn,ichiran,romanize.lisp,162,class,pending,
ichiran:possible-long-vowel-p,possible-long-vowel-p,ichiran,deromanize.lisp,30,fn,pending,
ichiran:process-iteration-characters,process-iteration-characters,ichiran,romanize.lisp,7,fn,ported,
ichiran:process-modifiers,process-modifiers,ichiran,romanize.lisp,15,fn,pending,
ichiran:r-apply,r-apply,ichiran,romanize.lisp,0,gf,pending,
ichiran:r-base,r-base,ichiran,romanize.lisp,0,gf,pending,
ichiran:r-simplify,r-simplify,ichiran,romanize.lisp,0,gf,pending,
ichiran:r-special,r-special,ichiran,romanize.lisp,0,gf,pending,
ichiran:rmap-item,rmap-item,ichiran,deromanize.lisp,5,struct,pending,
ichiran:rmap-item-p,rmap-item-p,ichiran,deromanize.lisp,3,fn,pending,
ichiran:rmi-kana,rmi-kana,ichiran,deromanize.lisp,3,fn,pending,
ichiran:rmi-next,rmi-next,ichiran,deromanize.lisp,3,fn,pending,
ichiran:rmi-text,rmi-text,ichiran,deromanize.lisp,3,fn,pending,
ichiran:romaji-kana,romaji-kana,ichiran,deromanize.lisp,84,fn,pending,
ichiran:romaji-next,romaji-next,ichiran,deromanize.lisp,46,fn,pending,
ichiran:romaji-suggest,romaji-suggest,ichiran,deromanize.lisp,95,fn,pending,
ichiran:romanize,romanize,ichiran,romanize.lisp,257,fn,pending,
ichiran:romanize*,romanize*,ichiran,romanize.lisp,273,fn,pending,
ichiran:romanize-core,romanize-core,ichiran,romanize.lisp,29,fn,pending,
ichiran:romanize-list,romanize-list,ichiran,romanize.lisp,205,fn,pending,
ichiran:romanize-word,romanize-word,ichiran,romanize.lisp,217,fn,pending,
ichiran:romanize-word-geo,romanize-word-geo,ichiran,romanize.lisp,232,fn,pending,
ichiran:romanize-word-info,romanize-word-info,ichiran,romanize.lisp,248,fn,pending,
ichiran:simplified-hepburn,simplified-hepburn,ichiran,romanize.lisp,136,class,pending,
ichiran:traditional-hepburn,traditional-hepburn,ichiran,romanize.lisp,152,class,pending,
